0,BARDZO DOBRZE
1,BARDZO DOBRZE
2,BARDZO DOBRZE
3,BARDZO DOBRZE
4,BARDZO DOBRZE
5,BARDZO DOBRZE
6,BARDZO DOBRZE
7,BARDZO DOBRZE
8,BARDZO DOBRZE
9,BARDZO DOBRZE
10,BARDZO DOBRZE
11,BARDZO DOBRZE
12,BARDZO DOBRZE
13,BARDZO DOBRZE
14,BARDZO DOBRZE
15,BARDZO DOBRZE
16,BARDZO DOBRZE
17,BARDZO DOBRZE
18,BARDZO DOBRZE
19,BARDZO DOBRZE
20,BARDZO DOBRZE
21,BARDZO DOBRZE
22,BARDZO DOBRZE
23,BARDZO DOBRZE
24,BARDZO DOBRZE
25,BARDZO DOBRZE
26,BARDZO DOBRZE
27,BARDZO DOBRZE
28,BARDZO DOBRZE
29,BARDZO DOBRZE
30,BARDZO DOBRZE
31,BARDZO DOBRZE
32,BARDZO DOBRZE
33,BARDZO DOBRZE
34,BARDZO DOBRZE
35,BARDZO DOBRZE
36,BARDZO DOBRZE
37,BARDZO DOBRZE
38,BARDZO DOBRZE
39,BARDZO DOBRZE
40,BARDZO DOBRZE
41,BARDZO DOBRZE
42,BARDZO DOBRZE
43,BARDZO DOBRZE
44,BARDZO DOBRZE
45,BARDZO DOBRZE
46,BARDZO DOBRZE
47,BARDZO DOBRZE
48,BARDZO DOBRZE
49,BARDZO DOBRZE
50,BARDZO DOBRZE
51,BARDZO DOBRZE
52,BARDZO DOBRZE
53,BARDZO DOBRZE
54,BARDZO DOBRZE
55,BARDZO DOBRZE
56,BARDZO DOBRZE
57,BARDZO DOBRZE
58,BARDZO DOBRZE
59,BARDZO DOBRZE
60,BARDZO DOBRZE
61,BARDZO DOBRZE
62,BARDZO DOBRZE
63,BARDZO DOBRZE
64,BARDZO DOBRZE
65,BARDZO DOBRZE
66,BARDZO DOBRZE
67,BARDZO DOBRZE
68,BARDZO DOBRZE
69,BARDZO DOBRZE
70,BARDZO DOBRZE
71,BARDZO DOBRZE
72,BARDZO DOBRZE
73,BARDZO DOBRZE
74,BARDZO DOBRZE
75,BARDZO DOBRZE
76,BARDZO DOBRZE
77,BARDZO DOBRZE
78,BARDZO DOBRZE
79,BARDZO DOBRZE
80,BARDZO DOBRZE
81,BARDZO DOBRZE
82,BARDZO DOBRZE
83,BARDZO DOBRZE
84,BARDZO DOBRZE
85,BARDZO DOBRZE
86,BARDZO DOBRZE
87,BARDZO DOBRZE
88,BARDZO DOBRZE
89,BARDZO DOBRZE
90,BARDZO DOBRZE
91,BARDZO DOBRZE
92,BARDZO DOBRZE
93,BARDZO DOBRZE
94,BARDZO DOBRZE
95,BARDZO DOBRZE
96,BARDZO DOBRZE
97,BARDZO DOBRZE
98,BARDZO DOBRZE
99,BARDZO DOBRZE
100,BARDZO DOBRZE
101,BARDZO DOBRZE
102,BARDZO DOBRZE
103,BARDZO DOBRZE
104,BARDZO DOBRZE
105,CZEŚĆ
106,CZEŚĆ
107,CZEŚĆ
108,CZEŚĆ
109,CZEŚĆ
110,CZEŚĆ
111,CZEŚĆ
112,CZEŚĆ
113,CZEŚĆ
114,CZEŚĆ
115,CZEŚĆ
116,CZEŚĆ
117,CZEŚĆ
118,CZEŚĆ
119,CZEŚĆ
120,CZEŚĆ
121,CZEŚĆ
122,CZEŚĆ
123,CZEŚĆ
124,CZEŚĆ
125,CZEŚĆ
126,CZEŚĆ
127,CZEŚĆ
128,CZEŚĆ
129,CZEŚĆ
130,CZEŚĆ
131,CZEŚĆ
132,CZEŚĆ
133,CZEŚĆ
134,CZEŚĆ
135,CZEŚĆ
136,CZEŚĆ
137,CZEŚĆ
138,CZEŚĆ
139,CZEŚĆ
140,CZEŚĆ
141,CZEŚĆ
142,CZEŚĆ
143,CZEŚĆ
144,CZEŚĆ
145,CZEŚĆ
146,CZEŚĆ
147,CZEŚĆ
148,CZEŚĆ
149,CZEŚĆ
150,CZEŚĆ
151,CZEŚĆ
152,CZEŚĆ
153,CZEŚĆ
154,CZEŚĆ
155,CZEŚĆ
156,CZEŚĆ
157,CZEŚĆ
158,CZEŚĆ
159,CZEŚĆ
160,CZEŚĆ
161,CZEŚĆ
162,CZEŚĆ
163,CZEŚĆ
164,CZEŚĆ
165,CZEŚĆ
166,CZEŚĆ
167,CZEŚĆ
168,CZEŚĆ
169,CZEŚĆ
170,CZEŚĆ
171,CZEŚĆ
172,CZEŚĆ
173,CZEŚĆ
174,CZEŚĆ
175,CZEŚĆ
176,CZEŚĆ
177,CZEŚĆ
178,CZEŚĆ
179,CZEŚĆ
180,CZEŚĆ
181,CZEŚĆ
182,CZEŚĆ
183,CZEŚĆ
184,CZEŚĆ
185,CZEŚĆ
186,CZEŚĆ
187,CZEŚĆ
188,CZEŚĆ
189,CZEŚĆ
190,CZEŚĆ
191,CZEŚĆ
192,CZEŚĆ
193,CZEŚĆ
194,CZEŚĆ
195,CZEŚĆ
196,CZEŚĆ
197,CZEŚĆ
198,CZEŚĆ
199,CZEŚĆ
200,CZEŚĆ
201,CZEŚĆ
202,CZEŚĆ
203,CZEŚĆ
204,CZEŚĆ
205,CZEŚĆ
206,DO WIDZENIA
207,DO WIDZENIA
208,DO WIDZENIA
209,DO WIDZENIA
210,DO WIDZENIA
211,DO WIDZENIA
212,DO WIDZENIA
213,DO WIDZENIA
214,DO WIDZENIA
215,DO WIDZENIA
216,DO WIDZENIA
217,DO WIDZENIA
218,DO WIDZENIA
219,DO WIDZENIA
220,DO WIDZENIA
221,DO WIDZENIA
222,DO WIDZENIA
223,DO WIDZENIA
224,DO WIDZENIA
225,DO WIDZENIA
226,DO WIDZENIA
227,DO WIDZENIA
228,DO WIDZENIA
229,DO WIDZENIA
230,DO WIDZENIA
231,DO WIDZENIA
232,DO WIDZENIA
233,DO WIDZENIA
234,DO WIDZENIA
235,DO WIDZENIA
236,DO WIDZENIA
237,DO WIDZENIA
238,DO WIDZENIA
239,DO WIDZENIA
240,DO WIDZENIA
241,DO WIDZENIA
242,DO WIDZENIA
243,DO WIDZENIA
244,DO WIDZENIA
245,DO WIDZENIA
246,DO WIDZENIA
247,DO WIDZENIA
248,DO WIDZENIA
249,DO WIDZENIA
250,DO WIDZENIA
251,DO WIDZENIA
252,DO WIDZENIA
253,DO WIDZENIA
254,DO WIDZENIA
255,DO WIDZENIA
256,DO WIDZENIA
257,DO WIDZENIA
258,DO WIDZENIA
259,DO WIDZENIA
260,DO WIDZENIA
261,DO WIDZENIA
262,DO WIDZENIA
263,DO WIDZENIA
264,DO WIDZENIA
265,DO WIDZENIA
266,DO WIDZENIA
267,DO WIDZENIA
268,DO WIDZENIA
269,DO WIDZENIA
270,DO WIDZENIA
271,DO WIDZENIA
272,DO WIDZENIA
273,DO WIDZENIA
274,DO WIDZENIA
275,DO WIDZENIA
276,DO WIDZENIA
277,DO WIDZENIA
278,DO WIDZENIA
279,DO WIDZENIA
280,DO WIDZENIA
281,DO WIDZENIA
282,DO WIDZENIA
283,DO WIDZENIA
284,DO WIDZENIA
285,DO WIDZENIA
286,DO WIDZENIA
287,DO WIDZENIA
288,DO WIDZENIA
289,DO WIDZENIA
290,DO WIDZENIA
291,DO WIDZENIA
292,DO WIDZENIA
293,DO WIDZENIA
294,DO WIDZENIA
295,DO WIDZENIA
296,DO WIDZENIA
297,DO WIDZENIA
298,DO WIDZENIA
299,DO WIDZENIA
300,DO WIDZENIA
301,DO WIDZENIA
302,DO WIDZENIA
303,DO WIDZENIA
304,DO WIDZENIA
305,DO WIDZENIA
306,DO WIDZENIA
307,DO WIDZENIA
308,DO WIDZENIA
309,DO WIDZENIA
310,DOBRANOC
311,DOBRANOC
312,DOBRANOC
313,DOBRANOC
314,DOBRANOC
315,DOBRANOC
316,DOBRANOC
317,DOBRANOC
318,DOBRANOC
319,DOBRANOC
320,DOBRANOC
321,DOBRANOC
322,DOBRANOC
323,DOBRANOC
324,DOBRANOC
325,DOBRANOC
326,DOBRANOC
327,DOBRANOC
328,DOBRANOC
329,DOBRANOC
330,DOBRANOC
331,DOBRANOC
332,DOBRANOC
333,DOBRANOC
334,DOBRANOC
335,DOBRANOC
336,DOBRANOC
337,DOBRANOC
338,DOBRANOC
339,DOBRANOC
340,DOBRANOC
341,DOBRANOC
342,DOBRANOC
343,DOBRANOC
344,DOBRANOC
345,DOBRANOC
346,DOBRANOC
347,DOBRANOC
348,DOBRANOC
349,DOBRANOC
350,DOBRANOC
351,DOBRANOC
352,DOBRANOC
353,DOBRANOC
354,DOBRANOC
355,DOBRANOC
356,DOBRANOC
357,DOBRANOC
358,DOBRANOC
359,DOBRANOC
360,DOBRANOC
361,DOBRANOC
362,DOBRANOC
363,DOBRANOC
364,DOBRANOC
365,DOBRANOC
366,DOBRANOC
367,DOBRANOC
368,DOBRANOC
369,DOBRANOC
370,DOBRANOC
371,DOBRANOC
372,DOBRANOC
373,DOBRANOC
374,DOBRANOC
375,DOBRANOC
376,DOBRANOC
377,DOBRANOC
378,DOBRANOC
379,DOBRANOC
380,DOBRANOC
381,DOBRANOC
382,DOBRANOC
383,DOBRANOC
384,DOBRANOC
385,DOBRANOC
386,DOBRANOC
387,DOBRANOC
388,DOBRANOC
389,DOBRANOC
390,DOBRANOC
391,DOBRANOC
392,DOBRANOC
393,DOBRANOC
394,DOBRANOC
395,DOBRANOC
396,DOBRANOC
397,DOBRANOC
398,DOBRANOC
399,DOBRANOC
400,DOBRANOC
401,DOBRANOC
402,DOBRANOC
403,DOBRANOC
404,DOBRANOC
405,DOBRANOC
406,DOBRANOC
407,DOBRANOC
408,DOBRANOC
409,DOBRANOC
410,DOBRANOC
411,DOBRANOC
412,DOBRANOC
413,DOBRANOC
414,DOBRY WIECZÓR
415,DOBRY WIECZÓR
416,DOBRY WIECZÓR
417,DOBRY WIECZÓR
418,DOBRY WIECZÓR
419,DOBRY WIECZÓR
420,DOBRY WIECZÓR
421,DOBRY WIECZÓR
422,DOBRY WIECZÓR
423,DOBRY WIECZÓR
424,DOBRY WIECZÓR
425,DOBRY WIECZÓR
426,DOBRY WIECZÓR
427,DOBRY WIECZÓR
428,DOBRY WIECZÓR
429,DOBRY WIECZÓR
430,DOBRY WIECZÓR
431,DOBRY WIECZÓR
432,DOBRY WIECZÓR
433,DOBRY WIECZÓR
434,DOBRY WIECZÓR
435,DOBRY WIECZÓR
436,DOBRY WIECZÓR
437,DOBRY WIECZÓR
438,DOBRY WIECZÓR
439,DOBRY WIECZÓR
440,DOBRY WIECZÓR
441,DOBRY WIECZÓR
442,DOBRY WIECZÓR
443,DOBRY WIECZÓR
444,DOBRY WIECZÓR
445,DOBRY WIECZÓR
446,DOBRY WIECZÓR
447,DOBRY WIECZÓR
448,DOBRY WIECZÓR
449,DOBRY WIECZÓR
450,DOBRY WIECZÓR
451,DOBRY WIECZÓR
452,DOBRY WIECZÓR
453,DOBRY WIECZÓR
454,DOBRY WIECZÓR
455,DOBRY WIECZÓR
456,DOBRY WIECZÓR
457,DOBRY WIECZÓR
458,DOBRY WIECZÓR
459,DOBRY WIECZÓR
460,DOBRY WIECZÓR
461,DOBRY WIECZÓR
462,DOBRY WIECZÓR
463,DOBRY WIECZÓR
464,DOBRY WIECZÓR
465,DOBRY WIECZÓR
466,DOBRY WIECZÓR
467,DOBRY WIECZÓR
468,DOBRY WIECZÓR
469,DOBRY WIECZÓR
470,DOBRY WIECZÓR
471,DOBRY WIECZÓR
472,DOBRY WIECZÓR
473,DOBRY WIECZÓR
474,DOBRY WIECZÓR
475,DOBRY WIECZÓR
476,DOBRY WIECZÓR
477,DOBRY WIECZÓR
478,DOBRY WIECZÓR
479,DOBRY WIECZÓR
480,DOBRY WIECZÓR
481,DOBRY WIECZÓR
482,DOBRY WIECZÓR
483,DOBRY WIECZÓR
484,DOBRY WIECZÓR
485,DOBRY WIECZÓR
486,DOBRY WIECZÓR
487,DOBRY WIECZÓR
488,DOBRY WIECZÓR
489,DOBRY WIECZÓR
490,DOBRY WIECZÓR
491,DOBRY WIECZÓR
492,DOBRY WIECZÓR
493,DOBRY WIECZÓR
494,DOBRY WIECZÓR
495,DOBRY WIECZÓR
496,DOBRY WIECZÓR
497,DOBRY WIECZÓR
498,DOBRY WIECZÓR
499,DOBRY WIECZÓR
500,DOBRY WIECZÓR
501,DOBRY WIECZÓR
502,DOBRY WIECZÓR
503,DOBRY WIECZÓR
504,DOBRY WIECZÓR
505,DOBRY WIECZÓR
506,DOBRY WIECZÓR
507,DOBRY WIECZÓR
508,DOBRY WIECZÓR
509,DOBRY WIECZÓR
510,DOBRY WIECZÓR
511,DOBRY WIECZÓR
512,DOBRY WIECZÓR
513,DOBRY WIECZÓR
514,DOBRY WIECZÓR
515,DOBRY WIECZÓR
516,DOBRY WIECZÓR
517,DOBRY WIECZÓR
518,DOBRZE
519,DOBRZE
520,DOBRZE
521,DOBRZE
522,DOBRZE
523,DOBRZE
524,DOBRZE
525,DOBRZE
526,DOBRZE
527,DOBRZE
528,DOBRZE
529,DOBRZE
530,DOBRZE
531,DOBRZE
532,DOBRZE
533,DOBRZE
534,DOBRZE
535,DOBRZE
536,DOBRZE
537,DOBRZE
538,DOBRZE
539,DOBRZE
540,DOBRZE
541,DOBRZE
542,DOBRZE
543,DOBRZE
544,DOBRZE
545,DOBRZE
546,DOBRZE
547,DOBRZE
548,DOBRZE
549,DOBRZE
550,DOBRZE
551,DOBRZE
552,DOBRZE
553,DOBRZE
554,DOBRZE
555,DOBRZE
556,DOBRZE
557,DOBRZE
558,DOBRZE
559,DOBRZE
560,DOBRZE
561,DOBRZE
562,DOBRZE
563,DOBRZE
564,DOBRZE
565,DOBRZE
566,DOBRZE
567,DOBRZE
568,DOBRZE
569,DOBRZE
570,DOBRZE
571,DOBRZE
572,DOBRZE
573,DOBRZE
574,DOBRZE
575,DOBRZE
576,DOBRZE
577,DOBRZE
578,DOBRZE
579,DOBRZE
580,DOBRZE
581,DOBRZE
582,DOBRZE
583,DOBRZE
584,DOBRZE
585,DOBRZE
586,DOBRZE
587,DOBRZE
588,DOBRZE
589,DOBRZE
590,DOBRZE
591,DOBRZE
592,DOBRZE
593,DOBRZE
594,DOBRZE
595,DOBRZE
596,DOBRZE
597,DOBRZE
598,DOBRZE
599,DOBRZE
600,DOBRZE
601,DOBRZE
602,DOBRZE
603,DOBRZE
604,DOBRZE
605,DOBRZE
606,DOBRZE
607,DOBRZE
608,DOBRZE
609,DOBRZE
610,DOBRZE
611,DOBRZE
612,DOBRZE
613,DOBRZE
614,DOBRZE
615,DOBRZE
616,DOBRZE
617,DOBRZE
618,DOBRZE
619,DOBRZE
620,DOBRZE
621,DZIECI
622,DZIECI
623,DZIECI
624,DZIECI
625,DZIECI
626,DZIECI
627,DZIECI
628,DZIECI
629,DZIECI
630,DZIECI
631,DZIECI
632,DZIECI
633,DZIECI
634,DZIECI
635,DZIECI
636,DZIECI
637,DZIECI
638,DZIECI
639,DZIECI
640,DZIECI
641,DZIECI
642,DZIECI
643,DZIECI
644,DZIECI
645,DZIECI
646,DZIECI
647,DZIECI
648,DZIECI
649,DZIECI
650,DZIECI
651,DZIECI
652,DZIECI
653,DZIECI
654,DZIECI
655,DZIECI
656,DZIECI
657,DZIECI
658,DZIECI
659,DZIECI
660,DZIECI
661,DZIECI
662,DZIECI
663,DZIECI
664,DZIECI
665,DZIECI
666,DZIECI
667,DZIECI
668,DZIECI
669,DZIECI
670,DZIECI
671,DZIECI
672,DZIECI
673,DZIECI
674,DZIECI
675,DZIECI
676,DZIECI
677,DZIECI
678,DZIECI
679,DZIECI
680,DZIECI
681,DZIECI
682,DZIECI
683,DZIECI
684,DZIECI
685,DZIECI
686,DZIECI
687,DZIECI
688,DZIECI
689,DZIECI
690,DZIECI
691,DZIECI
692,DZIECI
693,DZIECI
694,DZIECI
695,DZIECI
696,DZIECI
697,DZIECI
698,DZIECI
699,DZIECI
700,DZIECI
701,DZIECI
702,DZIECI
703,DZIECI
704,DZIECI
705,DZIECI
706,DZIECI
707,DZIECI
708,DZIECI
709,DZIECI
710,DZIECI
711,DZIECI
712,DZIECI
713,DZIECI
714,DZIECI
715,DZIECI
716,DZIECI
717,DZIECI
718,DZIECI
719,DZIECI
720,DZIECI
721,DZIECI
722,DZIECI
723,DZIECI
724,DZIEŃ DOBRY
725,DZIEŃ DOBRY
726,DZIEŃ DOBRY
727,DZIEŃ DOBRY
728,DZIEŃ DOBRY
729,DZIEŃ DOBRY
730,DZIEŃ DOBRY
731,DZIEŃ DOBRY
732,DZIEŃ DOBRY
733,DZIEŃ DOBRY
734,DZIEŃ DOBRY
735,DZIEŃ DOBRY
736,DZIEŃ DOBRY
737,DZIEŃ DOBRY
738,DZIEŃ DOBRY
739,DZIEŃ DOBRY
740,DZIEŃ DOBRY
741,DZIEŃ DOBRY
742,DZIEŃ DOBRY
743,DZIEŃ DOBRY
744,DZIEŃ DOBRY
745,DZIEŃ DOBRY
746,DZIEŃ DOBRY
747,DZIEŃ DOBRY
748,DZIEŃ DOBRY
749,DZIEŃ DOBRY
750,DZIEŃ DOBRY
751,DZIEŃ DOBRY
752,DZIEŃ DOBRY
753,DZIEŃ DOBRY
754,DZIEŃ DOBRY
755,DZIEŃ DOBRY
756,DZIEŃ DOBRY
757,DZIEŃ DOBRY
758,DZIEŃ DOBRY
759,DZIEŃ DOBRY
760,DZIEŃ DOBRY
761,DZIEŃ DOBRY
762,DZIEŃ DOBRY
763,DZIEŃ DOBRY
764,DZIEŃ DOBRY
765,DZIEŃ DOBRY
766,DZIEŃ DOBRY
767,DZIEŃ DOBRY
768,DZIEŃ DOBRY
769,DZIEŃ DOBRY
770,DZIEŃ DOBRY
771,DZIEŃ DOBRY
772,DZIEŃ DOBRY
773,DZIEŃ DOBRY
774,DZIEŃ DOBRY
775,DZIEŃ DOBRY
776,DZIEŃ DOBRY
777,DZIEŃ DOBRY
778,DZIEŃ DOBRY
779,DZIEŃ DOBRY
780,DZIEŃ DOBRY
781,DZIEŃ DOBRY
782,DZIEŃ DOBRY
783,DZIEŃ DOBRY
784,DZIEŃ DOBRY
785,DZIEŃ DOBRY
786,DZIEŃ DOBRY
787,DZIEŃ DOBRY
788,DZIEŃ DOBRY
789,DZIEŃ DOBRY
790,DZIEŃ DOBRY
791,DZIEŃ DOBRY
792,DZIEŃ DOBRY
793,DZIEŃ DOBRY
794,DZIEŃ DOBRY
795,DZIEŃ DOBRY
796,DZIEŃ DOBRY
797,DZIEŃ DOBRY
798,DZIEŃ DOBRY
799,DZIEŃ DOBRY
800,DZIEŃ DOBRY
801,DZIEŃ DOBRY
802,DZIEŃ DOBRY
803,DZIEŃ DOBRY
804,DZIEŃ DOBRY
805,DZIEŃ DOBRY
806,DZIEŃ DOBRY
807,DZIEŃ DOBRY
808,DZIEŃ DOBRY
809,DZIEŃ DOBRY
810,DZIEŃ DOBRY
811,DZIEŃ DOBRY
812,DZIEŃ DOBRY
813,DZIEŃ DOBRY
814,DZIEŃ DOBRY
815,DZIEŃ DOBRY
816,DZIEŃ DOBRY
817,DZIEŃ DOBRY
818,DZIEŃ DOBRY
819,DZIEŃ DOBRY
820,DZIEŃ DOBRY
821,DZIEŃ DOBRY
822,DZIEŃ DOBRY
823,DZIEŃ DOBRY
824,DZIEŃ DOBRY
825,DZIEŃ DOBRY
826,DZIEŃ DOBRY
827,DZIEŃ DOBRY
828,DZIEŃ DOBRY
829,DZIEŃ DOBRY
830,DZIĘKOWAĆ
831,DZIĘKOWAĆ
832,DZIĘKOWAĆ
833,DZIĘKOWAĆ
834,DZIĘKOWAĆ
835,DZIĘKOWAĆ
836,DZIĘKOWAĆ
837,DZIĘKOWAĆ
838,DZIĘKOWAĆ
839,DZIĘKOWAĆ
840,DZIĘKOWAĆ
841,DZIĘKOWAĆ
842,DZIĘKOWAĆ
843,DZIĘKOWAĆ
844,DZIĘKOWAĆ
845,DZIĘKOWAĆ
846,DZIĘKOWAĆ
847,DZIĘKOWAĆ
848,DZIĘKOWAĆ
849,DZIĘKOWAĆ
850,DZIĘKOWAĆ
851,DZIĘKOWAĆ
852,DZIĘKOWAĆ
853,DZIĘKOWAĆ
854,DZIĘKOWAĆ
855,DZIĘKOWAĆ
856,DZIĘKOWAĆ
857,DZIĘKOWAĆ
858,DZIĘKOWAĆ
859,DZIĘKOWAĆ
860,DZIĘKOWAĆ
861,DZIĘKOWAĆ
862,DZIĘKOWAĆ
863,DZIĘKOWAĆ
864,DZIĘKOWAĆ
865,DZIĘKOWAĆ
866,DZIĘKOWAĆ
867,DZIĘKOWAĆ
868,DZIĘKOWAĆ
869,DZIĘKOWAĆ
870,DZIĘKOWAĆ
871,DZIĘKOWAĆ
872,DZIĘKOWAĆ
873,DZIĘKOWAĆ
874,DZIĘKOWAĆ
875,DZIĘKOWAĆ
876,DZIĘKOWAĆ
877,DZIĘKOWAĆ
878,DZIĘKOWAĆ
879,DZIĘKOWAĆ
880,DZIĘKOWAĆ
881,DZIĘKOWAĆ
882,DZIĘKOWAĆ
883,DZIĘKOWAĆ
884,DZIĘKOWAĆ
885,DZIĘKOWAĆ
886,DZIĘKOWAĆ
887,DZIĘKOWAĆ
888,DZIĘKOWAĆ
889,DZIĘKOWAĆ
890,DZIĘKOWAĆ
891,DZIĘKOWAĆ
892,DZIĘKOWAĆ
893,DZIĘKOWAĆ
894,DZIĘKOWAĆ
895,DZIĘKOWAĆ
896,DZIĘKOWAĆ
897,DZIĘKOWAĆ
898,DZIĘKOWAĆ
899,DZIĘKOWAĆ
900,DZIĘKOWAĆ
901,DZIĘKOWAĆ
902,DZIĘKOWAĆ
903,DZIĘKOWAĆ
904,DZIĘKOWAĆ
905,DZIĘKOWAĆ
906,DZIĘKOWAĆ
907,DZIĘKOWAĆ
908,DZIĘKOWAĆ
909,DZIĘKOWAĆ
910,DZIĘKOWAĆ
911,DZIĘKOWAĆ
912,DZIĘKOWAĆ
913,DZIĘKOWAĆ
914,DZIĘKOWAĆ
915,DZIĘKOWAĆ
916,DZIĘKOWAĆ
917,DZIĘKOWAĆ
918,DZIĘKOWAĆ
919,DZIĘKOWAĆ
920,DZIĘKOWAĆ
921,DZIĘKOWAĆ
922,DZIĘKOWAĆ
923,DZIĘKOWAĆ
924,DZIĘKOWAĆ
925,DZIĘKOWAĆ
926,DZIĘKOWAĆ
927,DZIĘKOWAĆ
928,DZIĘKOWAĆ
929,DZIĘKOWAĆ
930,DZIĘKOWAĆ
931,GŁUCHY
932,GŁUCHY
933,GŁUCHY
934,GŁUCHY
935,GŁUCHY
936,GŁUCHY
937,GŁUCHY
938,GŁUCHY
939,GŁUCHY
940,GŁUCHY
941,GŁUCHY
942,GŁUCHY
943,GŁUCHY
944,GŁUCHY
945,GŁUCHY
946,GŁUCHY
947,GŁUCHY
948,GŁUCHY
949,GŁUCHY
950,GŁUCHY
951,GŁUCHY
952,GŁUCHY
953,GŁUCHY
954,GŁUCHY
955,GŁUCHY
956,GŁUCHY
957,GŁUCHY
958,GŁUCHY
959,GŁUCHY
960,GŁUCHY
961,GŁUCHY
962,GŁUCHY
963,GŁUCHY
964,GŁUCHY
965,GŁUCHY
966,GŁUCHY
967,GŁUCHY
968,GŁUCHY
969,GŁUCHY
970,GŁUCHY
971,GŁUCHY
972,GŁUCHY
973,GŁUCHY
974,GŁUCHY
975,GŁUCHY
976,GŁUCHY
977,GŁUCHY
978,GŁUCHY
979,GŁUCHY
980,GŁUCHY
981,GŁUCHY
982,GŁUCHY
983,GŁUCHY
984,GŁUCHY
985,GŁUCHY
986,GŁUCHY
987,GŁUCHY
988,GŁUCHY
989,GŁUCHY
990,GŁUCHY
991,GŁUCHY
992,GŁUCHY
993,GŁUCHY
994,GŁUCHY
995,GŁUCHY
996,GŁUCHY
997,GŁUCHY
998,GŁUCHY
999,GŁUCHY
1000,GŁUCHY
1001,GŁUCHY
1002,GŁUCHY
1003,GŁUCHY
1004,GŁUCHY
1005,GŁUCHY
1006,GŁUCHY
1007,GŁUCHY
1008,GŁUCHY
1009,GŁUCHY
1010,GŁUCHY
1011,GŁUCHY
1012,GŁUCHY
1013,GŁUCHY
1014,GŁUCHY
1015,GŁUCHY
1016,GŁUCHY
1017,GŁUCHY
1018,GŁUCHY
1019,GŁUCHY
1020,GŁUCHY
1021,GŁUCHY
1022,GŁUCHY
1023,GŁUCHY
1024,GŁUCHY
1025,GŁUCHY
1026,GŁUCHY
1027,GŁUCHY
1028,GŁUCHY
1029,GŁUCHY
1030,GŁUCHY
1031,GŁUCHY
1032,GŁUCHY
1033,GŁUCHY
1034,GŁUCHY
1035,IMIĘ
1036,IMIĘ
1037,IMIĘ
1038,IMIĘ
1039,IMIĘ
1040,IMIĘ
1041,IMIĘ
1042,IMIĘ
1043,IMIĘ
1044,IMIĘ
1045,IMIĘ
1046,IMIĘ
1047,IMIĘ
1048,IMIĘ
1049,IMIĘ
1050,IMIĘ
1051,IMIĘ
1052,IMIĘ
1053,IMIĘ
1054,IMIĘ
1055,IMIĘ
1056,IMIĘ
1057,IMIĘ
1058,IMIĘ
1059,IMIĘ
1060,IMIĘ
1061,IMIĘ
1062,IMIĘ
1063,IMIĘ
1064,IMIĘ
1065,IMIĘ
1066,IMIĘ
1067,IMIĘ
1068,IMIĘ
1069,IMIĘ
1070,IMIĘ
1071,IMIĘ
1072,IMIĘ
1073,IMIĘ
1074,IMIĘ
1075,IMIĘ
1076,IMIĘ
1077,IMIĘ
1078,IMIĘ
1079,IMIĘ
1080,IMIĘ
1081,IMIĘ
1082,IMIĘ
1083,IMIĘ
1084,IMIĘ
1085,IMIĘ
1086,IMIĘ
1087,IMIĘ
1088,IMIĘ
1089,IMIĘ
1090,IMIĘ
1091,IMIĘ
1092,IMIĘ
1093,IMIĘ
1094,IMIĘ
1095,IMIĘ
1096,IMIĘ
1097,IMIĘ
1098,IMIĘ
1099,IMIĘ
1100,IMIĘ
1101,IMIĘ
1102,IMIĘ
1103,IMIĘ
1104,IMIĘ
1105,IMIĘ
1106,IMIĘ
1107,IMIĘ
1108,IMIĘ
1109,IMIĘ
1110,IMIĘ
1111,IMIĘ
1112,IMIĘ
1113,IMIĘ
1114,IMIĘ
1115,IMIĘ
1116,IMIĘ
1117,IMIĘ
1118,IMIĘ
1119,IMIĘ
1120,IMIĘ
1121,IMIĘ
1122,IMIĘ
1123,IMIĘ
1124,IMIĘ
1125,IMIĘ
1126,IMIĘ
1127,IMIĘ
1128,IMIĘ
1129,IMIĘ
1130,IMIĘ
1131,IMIĘ
1132,IMIĘ
1133,IMIĘ
1134,IMIĘ
1135,IMIĘ
1136,IMIĘ
1137,IMIĘ
1138,IMIĘ
1139,JA
1140,JA
1141,JA
1142,JA
1143,JA
1144,JA
1145,JA
1146,JA
1147,JA
1148,JA
1149,JA
1150,JA
1151,JA
1152,JA
1153,JA
1154,JA
1155,JA
1156,JA
1157,JA
1158,JA
1159,JA
1160,JA
1161,JA
1162,JA
1163,JA
1164,JA
1165,JA
1166,JA
1167,JA
1168,JA
1169,JA
1170,JA
1171,JA
1172,JA
1173,JA
1174,JA
1175,JA
1176,JA
1177,JA
1178,JA
1179,JA
1180,JA
1181,JA
1182,JA
1183,JA
1184,JA
1185,JA
1186,JA
1187,JA
1188,JA
1189,JA
1190,JA
1191,JA
1192,JA
1193,JA
1194,JA
1195,JA
1196,JA
1197,JA
1198,JA
1199,JA
1200,JA
1201,JA
1202,JA
1203,JA
1204,JA
1205,JA
1206,JA
1207,JA
1208,JA
1209,JA
1210,JA
1211,JA
1212,JA
1213,JA
1214,JA
1215,JA
1216,JA
1217,JA
1218,JA
1219,JA
1220,JA
1221,JA
1222,JA
1223,JA
1224,JA
1225,JA
1226,JA
1227,JA
1228,JA
1229,JA
1230,JA
1231,JA
1232,JA
1233,JA
1234,JA
1235,JA
1236,JA
1237,JA
1238,JA
1239,JA
1240,JA
1241,JA
1242,JA
1243,JA
1244,JAK SIE CZUJESZ
1245,JAK SIE CZUJESZ
1246,JAK SIE CZUJESZ
1247,JAK SIE CZUJESZ
1248,JAK SIE CZUJESZ
1249,JAK SIE CZUJESZ
1250,JAK SIE CZUJESZ
1251,JAK SIE CZUJESZ
1252,JAK SIE CZUJESZ
1253,JAK SIE CZUJESZ
1254,JAK SIE CZUJESZ
1255,JAK SIE CZUJESZ
1256,JAK SIE CZUJESZ
1257,JAK SIE CZUJESZ
1258,JAK SIE CZUJESZ
1259,JAK SIE CZUJESZ
1260,JAK SIE CZUJESZ
1261,JAK SIE CZUJESZ
1262,JAK SIE CZUJESZ
1263,JAK SIE CZUJESZ
1264,JAK SIE CZUJESZ
1265,JAK SIE CZUJESZ
1266,JAK SIE CZUJESZ
1267,JAK SIE CZUJESZ
1268,JAK SIE CZUJESZ
1269,JAK SIE CZUJESZ
1270,JAK SIE CZUJESZ
1271,JAK SIE CZUJESZ
1272,JAK SIE CZUJESZ
1273,JAK SIE CZUJESZ
1274,JAK SIE CZUJESZ
1275,JAK SIE CZUJESZ
1276,JAK SIE CZUJESZ
1277,JAK SIE CZUJESZ
1278,JAK SIE CZUJESZ
1279,JAK SIE CZUJESZ
1280,JAK SIE CZUJESZ
1281,JAK SIE CZUJESZ
1282,JAK SIE CZUJESZ
1283,JAK SIE CZUJESZ
1284,JAK SIE CZUJESZ
1285,JAK SIE CZUJESZ
1286,JAK SIE CZUJESZ
1287,JAK SIE CZUJESZ
1288,JAK SIE CZUJESZ
1289,JAK SIE CZUJESZ
1290,JAK SIE CZUJESZ
1291,JAK SIE CZUJESZ
1292,JAK SIE CZUJESZ
1293,JAK SIE CZUJESZ
1294,JAK SIE CZUJESZ
1295,JAK SIE CZUJESZ
1296,JAK SIE CZUJESZ
1297,JAK SIE CZUJESZ
1298,JAK SIE CZUJESZ
1299,JAK SIE CZUJESZ
1300,JAK SIE CZUJESZ
1301,JAK SIE CZUJESZ
1302,JAK SIE CZUJESZ
1303,JAK SIE CZUJESZ
1304,JAK SIE CZUJESZ
1305,JAK SIE CZUJESZ
1306,JAK SIE CZUJESZ
1307,JAK SIE CZUJESZ
1308,JAK SIE CZUJESZ
1309,JAK SIE CZUJESZ
1310,JAK SIE CZUJESZ
1311,JAK SIE CZUJESZ
1312,JAK SIE CZUJESZ
1313,JAK SIE CZUJESZ
1314,JAK SIE CZUJESZ
1315,JAK SIE CZUJESZ
1316,JAK SIE CZUJESZ
1317,JAK SIE CZUJESZ
1318,JAK SIE CZUJESZ
1319,JAK SIE CZUJESZ
1320,JAK SIE CZUJESZ
1321,JAK SIE CZUJESZ
1322,JAK SIE CZUJESZ
1323,JAK SIE CZUJESZ
1324,JAK SIE CZUJESZ
1325,JAK SIE CZUJESZ
1326,JAK SIE CZUJESZ
1327,JAK SIE CZUJESZ
1328,JAK SIE CZUJESZ
1329,JAK SIE CZUJESZ
1330,JAK SIE CZUJESZ
1331,JAK SIE CZUJESZ
1332,JAK SIE CZUJESZ
1333,JAK SIE CZUJESZ
1334,JAK SIE CZUJESZ
1335,JAK SIE CZUJESZ
1336,JAK SIE CZUJESZ
1337,JAK SIE CZUJESZ
1338,JAK SIE CZUJESZ
1339,JAK SIE CZUJESZ
1340,JAK SIE CZUJESZ
1341,JAK SIE CZUJESZ
1342,JAK SIE CZUJESZ
1343,JAK SIE CZUJESZ
1344,JAK SIE CZUJESZ
1345,JAK SIE CZUJESZ
1346,JAK SIE CZUJESZ
1347,JAK SIE CZUJESZ
1348,JEGO_JEJ
1349,JEGO_JEJ
1350,JEGO_JEJ
1351,JEGO_JEJ
1352,JEGO_JEJ
1353,JEGO_JEJ
1354,JEGO_JEJ
1355,JEGO_JEJ
1356,JEGO_JEJ
1357,JEGO_JEJ
1358,JEGO_JEJ
1359,JEGO_JEJ
1360,JEGO_JEJ
1361,JEGO_JEJ
1362,JEGO_JEJ
1363,JEGO_JEJ
1364,JEGO_JEJ
1365,JEGO_JEJ
1366,JEGO_JEJ
1367,JEGO_JEJ
1368,JEGO_JEJ
1369,JEGO_JEJ
1370,JEGO_JEJ
1371,JEGO_JEJ
1372,JEGO_JEJ
1373,JEGO_JEJ
1374,JEGO_JEJ
1375,JEGO_JEJ
1376,JEGO_JEJ
1377,JEGO_JEJ
1378,JEGO_JEJ
1379,JEGO_JEJ
1380,JEGO_JEJ
1381,JEGO_JEJ
1382,JEGO_JEJ
1383,JEGO_JEJ
1384,JEGO_JEJ
1385,JEGO_JEJ
1386,JEGO_JEJ
1387,JEGO_JEJ
1388,JEGO_JEJ
1389,JEGO_JEJ
1390,JEGO_JEJ
1391,JEGO_JEJ
1392,JEGO_JEJ
1393,JEGO_JEJ
1394,JEGO_JEJ
1395,JEGO_JEJ
1396,JEGO_JEJ
1397,JEGO_JEJ
1398,JEGO_JEJ
1399,JEGO_JEJ
1400,JEGO_JEJ
1401,JEGO_JEJ
1402,JEGO_JEJ
1403,JEGO_JEJ
1404,JEGO_JEJ
1405,JEGO_JEJ
1406,JEGO_JEJ
1407,JEGO_JEJ
1408,JEGO_JEJ
1409,JEGO_JEJ
1410,JEGO_JEJ
1411,JEGO_JEJ
1412,JEGO_JEJ
1413,JEGO_JEJ
1414,JEGO_JEJ
1415,JEGO_JEJ
1416,JEGO_JEJ
1417,JEGO_JEJ
1418,JEGO_JEJ
1419,JEGO_JEJ
1420,JEGO_JEJ
1421,JEGO_JEJ
1422,JEGO_JEJ
1423,JEGO_JEJ
1424,JEGO_JEJ
1425,JEGO_JEJ
1426,JEGO_JEJ
1427,JEGO_JEJ
1428,JEGO_JEJ
1429,JEGO_JEJ
1430,JEGO_JEJ
1431,JEGO_JEJ
1432,JEGO_JEJ
1433,JEGO_JEJ
1434,JEGO_JEJ
1435,JEGO_JEJ
1436,JEGO_JEJ
1437,JEGO_JEJ
1438,JEGO_JEJ
1439,JEGO_JEJ
1440,JEGO_JEJ
1441,JEGO_JEJ
1442,JEGO_JEJ
1443,JEGO_JEJ
1444,JEGO_JEJ
1445,JEGO_JEJ
1446,JEGO_JEJ
1447,JEGO_JEJ
1448,JEGO_JEJ
1449,JEST
1450,JEST
1451,JEST
1452,JEST
1453,JEST
1454,JEST
1455,JEST
1456,JEST
1457,JEST
1458,JEST
1459,JEST
1460,JEST
1461,JEST
1462,JEST
1463,JEST
1464,JEST
1465,JEST
1466,JEST
1467,JEST
1468,JEST
1469,JEST
1470,JEST
1471,JEST
1472,JEST
1473,JEST
1474,JEST
1475,JEST
1476,JEST
1477,JEST
1478,JEST
1479,JEST
1480,JEST
1481,JEST
1482,JEST
1483,JEST
1484,JEST
1485,JEST
1486,JEST
1487,JEST
1488,JEST
1489,JEST
1490,JEST
1491,JEST
1492,JEST
1493,JEST
1494,JEST
1495,JEST
1496,JEST
1497,JEST
1498,JEST
1499,JEST
1500,JEST
1501,JEST
1502,JEST
1503,JEST
1504,JEST
1505,JEST
1506,JEST
1507,JEST
1508,JEST
1509,JEST
1510,JEST
1511,KOBIETA
1512,KOBIETA
1513,KOBIETA
1514,KOBIETA
1515,KOBIETA
1516,KOBIETA
1517,KOBIETA
1518,KOBIETA
1519,KOBIETA
1520,KOBIETA
1521,KOBIETA
1522,KOBIETA
1523,KOBIETA
1524,KOBIETA
1525,KOBIETA
1526,KOBIETA
1527,KOBIETA
1528,KOBIETA
1529,KOBIETA
1530,KOBIETA
1531,KOBIETA
1532,KOBIETA
1533,KOBIETA
1534,KOBIETA
1535,KOBIETA
1536,KOBIETA
1537,KOBIETA
1538,KOBIETA
1539,KOBIETA
1540,KOBIETA
1541,KOBIETA
1542,KOBIETA
1543,KOBIETA
1544,KOBIETA
1545,KOBIETA
1546,KOBIETA
1547,KOBIETA
1548,KOBIETA
1549,KOBIETA
1550,KOBIETA
1551,KOBIETA
1552,KOBIETA
1553,KOBIETA
1554,KOBIETA
1555,KOBIETA
1556,KOBIETA
1557,KOBIETA
1558,KOBIETA
1559,KOBIETA
1560,KOBIETA
1561,KOBIETA
1562,KOBIETA
1563,KOBIETA
1564,KOBIETA
1565,KOBIETA
1566,KOBIETA
1567,KOBIETA
1568,KOBIETA
1569,KOBIETA
1570,KOBIETA
1571,KOBIETA
1572,KOBIETA
1573,KOBIETA
1574,KOBIETA
1575,KOBIETA
1576,KOBIETA
1577,KOBIETA
1578,KOBIETA
1579,KOBIETA
1580,KOBIETA
1581,KOBIETA
1582,KOBIETA
1583,KOBIETA
1584,KOBIETA
1585,KOBIETA
1586,KOBIETA
1587,KOBIETA
1588,KOBIETA
1589,KOBIETA
1590,KOBIETA
1591,KOBIETA
1592,KOBIETA
1593,KOBIETA
1594,KOBIETA
1595,KOBIETA
1596,KOBIETA
1597,KOBIETA
1598,KOBIETA
1599,KOBIETA
1600,KOBIETA
1601,KOBIETA
1602,KOBIETA
1603,KOBIETA
1604,KOBIETA
1605,KOBIETA
1606,KOBIETA
1607,KOBIETA
1608,KOBIETA
1609,KOBIETA
1610,KOBIETA
1611,KOBIETA
1612,KOBIETA
1613,MAM
1614,MAM
1615,MAM
1616,MAM
1617,MAM
1618,MAM
1619,MAM
1620,MAM
1621,MAM
1622,MAM
1623,MAM
1624,MAM
1625,MAM
1626,MAM
1627,MAM
1628,MAM
1629,MAM
1630,MAM
1631,MAM
1632,MAM
1633,MAM
1634,MAM
1635,MAM
1636,MAM
1637,MAM
1638,MAM
1639,MAM
1640,MAM
1641,MAM
1642,MAM
1643,MAM
1644,MAM
1645,MAM
1646,MAM
1647,MAM
1648,MAM
1649,MAM
1650,MAM
1651,MAM
1652,MAM
1653,MAM
1654,MAM
1655,MAM
1656,MAM
1657,MAM
1658,MAM
1659,MAM
1660,MAM
1661,MAM
1662,MAM
1663,MAM
1664,MAM
1665,MAM
1666,MAM
1667,MAM
1668,MAM
1669,MAM
1670,MAM
1671,MAM
1672,MAM
1673,MAM
1674,MAM
1675,MAM
1676,MAM
1677,MAM
1678,MAM
1679,MAM
1680,MAM
1681,MAM
1682,MAM
1683,MAM
1684,MAM
1685,MAM
1686,MAM
1687,MAM
1688,MAM
1689,MAM
1690,MAM
1691,MAM
1692,MAM
1693,MAM
1694,MAM
1695,MAM
1696,MAM
1697,MAM
1698,MAM
1699,MAM
1700,MAM
1701,MAM
1702,MAM
1703,MAM
1704,MAM
1705,MAM
1706,MAM
1707,MAM
1708,MAM
1709,MAM
1710,MAM
1711,MAM
1712,MAM
1713,MAM
1714,MAM
1715,MAM
1716,MAM
1717,MASZ
1718,MASZ
1719,MASZ
1720,MASZ
1721,MASZ
1722,MASZ
1723,MASZ
1724,MASZ
1725,MASZ
1726,MASZ
1727,MASZ
1728,MASZ
1729,MASZ
1730,MASZ
1731,MASZ
1732,MASZ
1733,MASZ
1734,MASZ
1735,MASZ
1736,MASZ
1737,MASZ
1738,MASZ
1739,MASZ
1740,MASZ
1741,MASZ
1742,MASZ
1743,MASZ
1744,MASZ
1745,MASZ
1746,MASZ
1747,MASZ
1748,MASZ
1749,MASZ
1750,MASZ
1751,MASZ
1752,MASZ
1753,MASZ
1754,MASZ
1755,MASZ
1756,MASZ
1757,MASZ
1758,MASZ
1759,MASZ
1760,MASZ
1761,MASZ
1762,MASZ
1763,MASZ
1764,MASZ
1765,MASZ
1766,MASZ
1767,MASZ
1768,MASZ
1769,MASZ
1770,MASZ
1771,MASZ
1772,MASZ
1773,MASZ
1774,MASZ
1775,MASZ
1776,MASZ
1777,MASZ
1778,MASZ
1779,MASZ
1780,MASZ
1781,MASZ
1782,MASZ
1783,MASZ
1784,MASZ
1785,MASZ
1786,MASZ
1787,MASZ
1788,MASZ
1789,MASZ
1790,MASZ
1791,MASZ
1792,MASZ
1793,MASZ
1794,MASZ
1795,MASZ
1796,MASZ
1797,MASZ
1798,MASZ
1799,MASZ
1800,MASZ
1801,MASZ
1802,MASZ
1803,MASZ
1804,MASZ
1805,MASZ
1806,MASZ
1807,MASZ
1808,MASZ
1809,MASZ
1810,MASZ
1811,MASZ
1812,MASZ
1813,MASZ
1814,MASZ
1815,MASZ
1816,MASZ
1817,MASZ
1818,MASZ
1819,MASZ
1820,MASZ
1821,MIGOWY ZNAK
1822,MIGOWY ZNAK
1823,MIGOWY ZNAK
1824,MIGOWY ZNAK
1825,MIGOWY ZNAK
1826,MIGOWY ZNAK
1827,MIGOWY ZNAK
1828,MIGOWY ZNAK
1829,MIGOWY ZNAK
1830,MIGOWY ZNAK
1831,MIGOWY ZNAK
1832,MIGOWY ZNAK
1833,MIGOWY ZNAK
1834,MIGOWY ZNAK
1835,MIGOWY ZNAK
1836,MIGOWY ZNAK
1837,MIGOWY ZNAK
1838,MIGOWY ZNAK
1839,MIGOWY ZNAK
1840,MIGOWY ZNAK
1841,MIGOWY ZNAK
1842,MIGOWY ZNAK
1843,MIGOWY ZNAK
1844,MIGOWY ZNAK
1845,MIGOWY ZNAK
1846,MIGOWY ZNAK
1847,MIGOWY ZNAK
1848,MIGOWY ZNAK
1849,MIGOWY ZNAK
1850,MIGOWY ZNAK
1851,MIGOWY ZNAK
1852,MIGOWY ZNAK
1853,MIGOWY ZNAK
1854,MIGOWY ZNAK
1855,MIGOWY ZNAK
1856,MIGOWY ZNAK
1857,MIGOWY ZNAK
1858,MIGOWY ZNAK
1859,MIGOWY ZNAK
1860,MIGOWY ZNAK
1861,MIGOWY ZNAK
1862,MIGOWY ZNAK
1863,MIGOWY ZNAK
1864,MIGOWY ZNAK
1865,MIGOWY ZNAK
1866,MIGOWY ZNAK
1867,MIGOWY ZNAK
1868,MIGOWY ZNAK
1869,MIGOWY ZNAK
1870,MIGOWY ZNAK
1871,MIGOWY ZNAK
1872,MIGOWY ZNAK
1873,MIGOWY ZNAK
1874,MIGOWY ZNAK
1875,MIGOWY ZNAK
1876,MIGOWY ZNAK
1877,MIGOWY ZNAK
1878,MIGOWY ZNAK
1879,MIGOWY ZNAK
1880,MIGOWY ZNAK
1881,MIGOWY ZNAK
1882,MIGOWY ZNAK
1883,MIGOWY ZNAK
1884,MIGOWY ZNAK
1885,MIGOWY ZNAK
1886,MIGOWY ZNAK
1887,MIGOWY ZNAK
1888,MIGOWY ZNAK
1889,MIGOWY ZNAK
1890,MIGOWY ZNAK
1891,MIGOWY ZNAK
1892,MIGOWY ZNAK
1893,MIGOWY ZNAK
1894,MIGOWY ZNAK
1895,MIGOWY ZNAK
1896,MIGOWY ZNAK
1897,MIGOWY ZNAK
1898,MIGOWY ZNAK
1899,MIGOWY ZNAK
1900,MIGOWY ZNAK
1901,MIGOWY ZNAK
1902,MIGOWY ZNAK
1903,MIGOWY ZNAK
1904,MIGOWY ZNAK
1905,MIGOWY ZNAK
1906,MIGOWY ZNAK
1907,MIGOWY ZNAK
1908,MIGOWY ZNAK
1909,MIGOWY ZNAK
1910,MIGOWY ZNAK
1911,MIGOWY ZNAK
1912,MIGOWY ZNAK
1913,MIGOWY ZNAK
1914,MIGOWY ZNAK
1915,MIGOWY ZNAK
1916,MIGOWY ZNAK
1917,MIGOWY ZNAK
1918,MIGOWY ZNAK
1919,MIGOWY ZNAK
1920,MIGOWY ZNAK
1921,MIGOWY ZNAK
1922,MIGOWY ZNAK
1923,MIGOWY ZNAK
1924,MIGOWY ZNAK
1925,MY
1926,MY
1927,MY
1928,MY
1929,MY
1930,MY
1931,MY
1932,MY
1933,MY
1934,MY
1935,MY
1936,MY
1937,MY
1938,MY
1939,MY
1940,MY
1941,MY
1942,MY
1943,MY
1944,MY
1945,MY
1946,MY
1947,MY
1948,MY
1949,MY
1950,MY
1951,MY
1952,MY
1953,MY
1954,MY
1955,MY
1956,MY
1957,MY
1958,MY
1959,MY
1960,MY
1961,MY
1962,MY
1963,MY
1964,MY
1965,MY
1966,MY
1967,MY
1968,MY
1969,MY
1970,MY
1971,MY
1972,MY
1973,MY
1974,MY
1975,MY
1976,MY
1977,MY
1978,MY
1979,MY
1980,MY
1981,MY
1982,MY
1983,MY
1984,MY
1985,MY
1986,MY
1987,MY
1988,MY
1989,MY
1990,MY
1991,MY
1992,MY
1993,MY
1994,MY
1995,MY
1996,MY
1997,MY
1998,MY
1999,MY
2000,MY
2001,MY
2002,MY
2003,MY
2004,MY
2005,MY
2006,MY
2007,MY
2008,MY
2009,MY
2010,MY
2011,MY
2012,MY
2013,MY
2014,MY
2015,MY
2016,MY
2017,MY
2018,MY
2019,MY
2020,MY
2021,MY
2022,MY
2023,MY
2024,MY
2025,MY
2026,MY
2027,MY
2028,MY
2029,MÓJ_SWÓJ
2030,MÓJ_SWÓJ
2031,MÓJ_SWÓJ
2032,MÓJ_SWÓJ
2033,MÓJ_SWÓJ
2034,MÓJ_SWÓJ
2035,MÓJ_SWÓJ
2036,MÓJ_SWÓJ
2037,MÓJ_SWÓJ
2038,MÓJ_SWÓJ
2039,MÓJ_SWÓJ
2040,MÓJ_SWÓJ
2041,MÓJ_SWÓJ
2042,MÓJ_SWÓJ
2043,MÓJ_SWÓJ
2044,MÓJ_SWÓJ
2045,MÓJ_SWÓJ
2046,MÓJ_SWÓJ
2047,MÓJ_SWÓJ
2048,MÓJ_SWÓJ
2049,MÓJ_SWÓJ
2050,MÓJ_SWÓJ
2051,MÓJ_SWÓJ
2052,MÓJ_SWÓJ
2053,MÓJ_SWÓJ
2054,MÓJ_SWÓJ
2055,MÓJ_SWÓJ
2056,MÓJ_SWÓJ
2057,MÓJ_SWÓJ
2058,MÓJ_SWÓJ
2059,MÓJ_SWÓJ
2060,MÓJ_SWÓJ
2061,MÓJ_SWÓJ
2062,MÓJ_SWÓJ
2063,MÓJ_SWÓJ
2064,MÓJ_SWÓJ
2065,MÓJ_SWÓJ
2066,MÓJ_SWÓJ
2067,MÓJ_SWÓJ
2068,MÓJ_SWÓJ
2069,MÓJ_SWÓJ
2070,MÓJ_SWÓJ
2071,MÓJ_SWÓJ
2072,MÓJ_SWÓJ
2073,MÓJ_SWÓJ
2074,MÓJ_SWÓJ
2075,MÓJ_SWÓJ
2076,MÓJ_SWÓJ
2077,MÓJ_SWÓJ
2078,MÓJ_SWÓJ
2079,MÓJ_SWÓJ
2080,MÓJ_SWÓJ
2081,MÓJ_SWÓJ
2082,MÓJ_SWÓJ
2083,MÓJ_SWÓJ
2084,MÓJ_SWÓJ
2085,MÓJ_SWÓJ
2086,MÓJ_SWÓJ
2087,MÓJ_SWÓJ
2088,MÓJ_SWÓJ
2089,MÓJ_SWÓJ
2090,MÓJ_SWÓJ
2091,MÓJ_SWÓJ
2092,MÓJ_SWÓJ
2093,MÓJ_SWÓJ
2094,MÓJ_SWÓJ
2095,MÓJ_SWÓJ
2096,MÓJ_SWÓJ
2097,MÓJ_SWÓJ
2098,MÓJ_SWÓJ
2099,MÓJ_SWÓJ
2100,MÓJ_SWÓJ
2101,MÓJ_SWÓJ
2102,MÓJ_SWÓJ
2103,MÓJ_SWÓJ
2104,MÓJ_SWÓJ
2105,MÓJ_SWÓJ
2106,MÓJ_SWÓJ
2107,MÓJ_SWÓJ
2108,MÓJ_SWÓJ
2109,MÓJ_SWÓJ
2110,MÓJ_SWÓJ
2111,MÓJ_SWÓJ
2112,MÓJ_SWÓJ
2113,MÓJ_SWÓJ
2114,MÓJ_SWÓJ
2115,MÓJ_SWÓJ
2116,MÓJ_SWÓJ
2117,MÓJ_SWÓJ
2118,MÓJ_SWÓJ
2119,MÓJ_SWÓJ
2120,MÓJ_SWÓJ
2121,MÓJ_SWÓJ
2122,MÓJ_SWÓJ
2123,MÓJ_SWÓJ
2124,MÓJ_SWÓJ
2125,MÓJ_SWÓJ
2126,MÓJ_SWÓJ
2127,MÓJ_SWÓJ
2128,MÓJ_SWÓJ
2129,MÓJ_SWÓJ
2130,MÓJ_SWÓJ
2131,MĘŻCZYZNA
2132,MĘŻCZYZNA
2133,MĘŻCZYZNA
2134,MĘŻCZYZNA
2135,MĘŻCZYZNA
2136,MĘŻCZYZNA
2137,MĘŻCZYZNA
2138,MĘŻCZYZNA
2139,MĘŻCZYZNA
2140,MĘŻCZYZNA
2141,MĘŻCZYZNA
2142,MĘŻCZYZNA
2143,MĘŻCZYZNA
2144,MĘŻCZYZNA
2145,MĘŻCZYZNA
2146,MĘŻCZYZNA
2147,MĘŻCZYZNA
2148,MĘŻCZYZNA
2149,MĘŻCZYZNA
2150,MĘŻCZYZNA
2151,MĘŻCZYZNA
2152,MĘŻCZYZNA
2153,MĘŻCZYZNA
2154,MĘŻCZYZNA
2155,MĘŻCZYZNA
2156,MĘŻCZYZNA
2157,MĘŻCZYZNA
2158,MĘŻCZYZNA
2159,MĘŻCZYZNA
2160,MĘŻCZYZNA
2161,MĘŻCZYZNA
2162,MĘŻCZYZNA
2163,MĘŻCZYZNA
2164,MĘŻCZYZNA
2165,MĘŻCZYZNA
2166,MĘŻCZYZNA
2167,MĘŻCZYZNA
2168,MĘŻCZYZNA
2169,MĘŻCZYZNA
2170,MĘŻCZYZNA
2171,MĘŻCZYZNA
2172,MĘŻCZYZNA
2173,MĘŻCZYZNA
2174,MĘŻCZYZNA
2175,MĘŻCZYZNA
2176,MĘŻCZYZNA
2177,MĘŻCZYZNA
2178,MĘŻCZYZNA
2179,MĘŻCZYZNA
2180,MĘŻCZYZNA
2181,MĘŻCZYZNA
2182,MĘŻCZYZNA
2183,MĘŻCZYZNA
2184,MĘŻCZYZNA
2185,MĘŻCZYZNA
2186,MĘŻCZYZNA
2187,MĘŻCZYZNA
2188,MĘŻCZYZNA
2189,MĘŻCZYZNA
2190,MĘŻCZYZNA
2191,MĘŻCZYZNA
2192,MĘŻCZYZNA
2193,MĘŻCZYZNA
2194,MĘŻCZYZNA
2195,MĘŻCZYZNA
2196,MĘŻCZYZNA
2197,MĘŻCZYZNA
2198,MĘŻCZYZNA
2199,MĘŻCZYZNA
2200,MĘŻCZYZNA
2201,MĘŻCZYZNA
2202,MĘŻCZYZNA
2203,MĘŻCZYZNA
2204,MĘŻCZYZNA
2205,MĘŻCZYZNA
2206,MĘŻCZYZNA
2207,MĘŻCZYZNA
2208,MĘŻCZYZNA
2209,MĘŻCZYZNA
2210,MĘŻCZYZNA
2211,MĘŻCZYZNA
2212,MĘŻCZYZNA
2213,MĘŻCZYZNA
2214,MĘŻCZYZNA
2215,MĘŻCZYZNA
2216,MĘŻCZYZNA
2217,MĘŻCZYZNA
2218,MĘŻCZYZNA
2219,MĘŻCZYZNA
2220,MĘŻCZYZNA
2221,MĘŻCZYZNA
2222,MĘŻCZYZNA
2223,MĘŻCZYZNA
2224,MĘŻCZYZNA
2225,MĘŻCZYZNA
2226,MĘŻCZYZNA
2227,MĘŻCZYZNA
2228,MĘŻCZYZNA
2229,MĘŻCZYZNA
2230,MĘŻCZYZNA
2231,MĘŻCZYZNA
2232,NAZWISKO
2233,NAZWISKO
2234,NAZWISKO
2235,NAZWISKO
2236,NAZWISKO
2237,NAZWISKO
2238,NAZWISKO
2239,NAZWISKO
2240,NAZWISKO
2241,NAZWISKO
2242,NAZWISKO
2243,NAZWISKO
2244,NAZWISKO
2245,NAZWISKO
2246,NAZWISKO
2247,NAZWISKO
2248,NAZWISKO
2249,NAZWISKO
2250,NAZWISKO
2251,NAZWISKO
2252,NAZWISKO
2253,NAZWISKO
2254,NAZWISKO
2255,NAZWISKO
2256,NAZWISKO
2257,NAZWISKO
2258,NAZWISKO
2259,NAZWISKO
2260,NAZWISKO
2261,NAZWISKO
2262,NAZWISKO
2263,NAZWISKO
2264,NAZWISKO
2265,NAZWISKO
2266,NAZWISKO
2267,NAZWISKO
2268,NAZWISKO
2269,NAZWISKO
2270,NAZWISKO
2271,NAZWISKO
2272,NAZWISKO
2273,NAZWISKO
2274,NAZWISKO
2275,NAZWISKO
2276,NAZWISKO
2277,NAZWISKO
2278,NAZWISKO
2279,NAZWISKO
2280,NAZWISKO
2281,NAZWISKO
2282,NAZWISKO
2283,NAZWISKO
2284,NAZWISKO
2285,NAZWISKO
2286,NAZWISKO
2287,NAZWISKO
2288,NAZWISKO
2289,NAZWISKO
2290,NAZWISKO
2291,NAZWISKO
2292,NAZWISKO
2293,NAZWISKO
2294,NAZWISKO
2295,NAZWISKO
2296,NAZWISKO
2297,NAZWISKO
2298,NAZWISKO
2299,NAZWISKO
2300,NAZWISKO
2301,NAZWISKO
2302,NAZWISKO
2303,NAZWISKO
2304,NAZWISKO
2305,NAZWISKO
2306,NAZWISKO
2307,NAZWISKO
2308,NAZWISKO
2309,NAZWISKO
2310,NAZWISKO
2311,NAZWISKO
2312,NAZWISKO
2313,NAZWISKO
2314,NAZWISKO
2315,NAZWISKO
2316,NAZWISKO
2317,NAZWISKO
2318,NAZWISKO
2319,NAZWISKO
2320,NAZWISKO
2321,NAZWISKO
2322,NAZWISKO
2323,NAZWISKO
2324,NAZWISKO
2325,NAZWISKO
2326,NAZWISKO
2327,NAZWISKO
2328,NAZWISKO
2329,NAZWISKO
2330,NAZWISKO
2331,NAZWISKO
2332,NAZWISKO
2333,NAZWISKO
2334,NAZWISKO
2335,NAZWISKO
2336,ONI
2337,ONI
2338,ONI
2339,ONI
2340,ONI
2341,ONI
2342,ONI
2343,ONI
2344,ONI
2345,ONI
2346,ONI
2347,ONI
2348,ONI
2349,ONI
2350,ONI
2351,ONI
2352,ONI
2353,ONI
2354,ONI
2355,ONI
2356,ONI
2357,ONI
2358,ONI
2359,ONI
2360,ONI
2361,ONI
2362,ONI
2363,ONI
2364,ONI
2365,ONI
2366,ONI
2367,ONI
2368,ONI
2369,ONI
2370,ONI
2371,ONI
2372,ONI
2373,ONI
2374,ONI
2375,ONI
2376,ONI
2377,ONI
2378,ONI
2379,ONI
2380,ONI
2381,ONI
2382,ONI
2383,ONI
2384,ONI
2385,ONI
2386,ONI
2387,ONI
2388,ONI
2389,ONI
2390,ONI
2391,ONI
2392,ONI
2393,ONI
2394,ONI
2395,ONI
2396,ONI
2397,ONI
2398,ONI
2399,ONI
2400,ONI
2401,ONI
2402,ONI
2403,ONI
2404,ONI
2405,ONI
2406,ONI
2407,ONI
2408,ONI
2409,ONI
2410,ONI
2411,ONI
2412,ONI
2413,ONI
2414,ONI
2415,ONI
2416,ONI
2417,ONI
2418,ONI
2419,ONI
2420,ONI
2421,ONI
2422,ONI
2423,ONI
2424,ONI
2425,ONI
2426,ONI
2427,ONI
2428,ONI
2429,ONI
2430,ONI
2431,ONI
2432,ONI
2433,ONI
2434,ONI
2435,ONI
2436,ONI
2437,ONI
2438,ONI
2439,ONI
2440,ON_ONA
2441,ON_ONA
2442,ON_ONA
2443,ON_ONA
2444,ON_ONA
2445,ON_ONA
2446,ON_ONA
2447,ON_ONA
2448,ON_ONA
2449,ON_ONA
2450,ON_ONA
2451,ON_ONA
2452,ON_ONA
2453,ON_ONA
2454,ON_ONA
2455,ON_ONA
2456,ON_ONA
2457,ON_ONA
2458,ON_ONA
2459,ON_ONA
2460,ON_ONA
2461,ON_ONA
2462,ON_ONA
2463,ON_ONA
2464,ON_ONA
2465,ON_ONA
2466,ON_ONA
2467,ON_ONA
2468,ON_ONA
2469,ON_ONA
2470,ON_ONA
2471,ON_ONA
2472,ON_ONA
2473,ON_ONA
2474,ON_ONA
2475,ON_ONA
2476,ON_ONA
2477,ON_ONA
2478,ON_ONA
2479,ON_ONA
2480,ON_ONA
2481,ON_ONA
2482,ON_ONA
2483,ON_ONA
2484,ON_ONA
2485,ON_ONA
2486,ON_ONA
2487,ON_ONA
2488,ON_ONA
2489,ON_ONA
2490,ON_ONA
2491,ON_ONA
2492,ON_ONA
2493,ON_ONA
2494,ON_ONA
2495,ON_ONA
2496,ON_ONA
2497,ON_ONA
2498,ON_ONA
2499,ON_ONA
2500,ON_ONA
2501,ON_ONA
2502,ON_ONA
2503,ON_ONA
2504,ON_ONA
2505,ON_ONA
2506,ON_ONA
2507,ON_ONA
2508,ON_ONA
2509,ON_ONA
2510,ON_ONA
2511,ON_ONA
2512,ON_ONA
2513,ON_ONA
2514,ON_ONA
2515,ON_ONA
2516,ON_ONA
2517,ON_ONA
2518,ON_ONA
2519,ON_ONA
2520,ON_ONA
2521,ON_ONA
2522,ON_ONA
2523,ON_ONA
2524,ON_ONA
2525,ON_ONA
2526,ON_ONA
2527,ON_ONA
2528,ON_ONA
2529,ON_ONA
2530,ON_ONA
2531,ON_ONA
2532,ON_ONA
2533,ON_ONA
2534,ON_ONA
2535,ON_ONA
2536,ON_ONA
2537,ON_ONA
2538,ON_ONA
2539,ON_ONA
2540,ON_ONA
2541,ON_ONA
2542,ON_ONA
2543,ON_ONA
2544,PAN
2545,PAN
2546,PAN
2547,PAN
2548,PAN
2549,PAN
2550,PAN
2551,PAN
2552,PAN
2553,PAN
2554,PAN
2555,PAN
2556,PAN
2557,PAN
2558,PAN
2559,PAN
2560,PAN
2561,PAN
2562,PAN
2563,PAN
2564,PAN
2565,PAN
2566,PAN
2567,PAN
2568,PAN
2569,PAN
2570,PAN
2571,PAN
2572,PAN
2573,PAN
2574,PAN
2575,PAN
2576,PAN
2577,PAN
2578,PAN
2579,PAN
2580,PAN
2581,PAN
2582,PAN
2583,PAN
2584,PAN
2585,PAN
2586,PAN
2587,PAN
2588,PAN
2589,PAN
2590,PAN
2591,PAN
2592,PAN
2593,PAN
2594,PAN
2595,PAN
2596,PAN
2597,PAN
2598,PAN
2599,PAN
2600,PAN
2601,PAN
2602,PAN
2603,PAN
2604,PAN
2605,PAN
2606,PAN
2607,PAN
2608,PAN
2609,PAN
2610,PAN
2611,PAN
2612,PAN
2613,PAN
2614,PAN
2615,PAN
2616,PAN
2617,PAN
2618,PAN
2619,PAN
2620,PAN
2621,PAN
2622,PAN
2623,PAN
2624,PAN
2625,PAN
2626,PAN
2627,PAN
2628,PAN
2629,PAN
2630,PAN
2631,PAN
2632,PAN
2633,PAN
2634,PAN
2635,PAN
2636,PAN
2637,PAN
2638,PAN
2639,PAN
2640,PAN
2641,PAN
2642,PAN
2643,PAN
2644,PAN
2645,PANI
2646,PANI
2647,PANI
2648,PANI
2649,PANI
2650,PANI
2651,PANI
2652,PANI
2653,PANI
2654,PANI
2655,PANI
2656,PANI
2657,PANI
2658,PANI
2659,PANI
2660,PANI
2661,PANI
2662,PANI
2663,PANI
2664,PANI
2665,PANI
2666,PANI
2667,PANI
2668,PANI
2669,PANI
2670,PANI
2671,PANI
2672,PANI
2673,PANI
2674,PANI
2675,PANI
2676,PANI
2677,PANI
2678,PANI
2679,PANI
2680,PANI
2681,PANI
2682,PANI
2683,PANI
2684,PANI
2685,PANI
2686,PANI
2687,PANI
2688,PANI
2689,PANI
2690,PANI
2691,PANI
2692,PANI
2693,PANI
2694,PANI
2695,PANI
2696,PANI
2697,PANI
2698,PANI
2699,PANI
2700,PANI
2701,PANI
2702,PANI
2703,PANI
2704,PANI
2705,PANI
2706,PANI
2707,PANI
2708,PANI
2709,PANI
2710,PANI
2711,PANI
2712,PANI
2713,PANI
2714,PANI
2715,PANI
2716,PANI
2717,PANI
2718,PANI
2719,PANI
2720,PANI
2721,PANI
2722,PANI
2723,PANI
2724,PANI
2725,PANI
2726,PANI
2727,PANI
2728,PANI
2729,PANI
2730,PANI
2731,PANI
2732,PANI
2733,PANI
2734,PANI
2735,PANI
2736,PANI
2737,PANI
2738,PANI
2739,PANI
2740,PANI
2741,PANI
2742,PANI
2743,PANI
2744,PANI
2745,PANI
2746,POZNAĆ
2747,POZNAĆ
2748,POZNAĆ
2749,POZNAĆ
2750,POZNAĆ
2751,POZNAĆ
2752,POZNAĆ
2753,POZNAĆ
2754,POZNAĆ
2755,POZNAĆ
2756,POZNAĆ
2757,POZNAĆ
2758,POZNAĆ
2759,POZNAĆ
2760,POZNAĆ
2761,POZNAĆ
2762,POZNAĆ
2763,POZNAĆ
2764,POZNAĆ
2765,POZNAĆ
2766,POZNAĆ
2767,POZNAĆ
2768,POZNAĆ
2769,POZNAĆ
2770,POZNAĆ
2771,POZNAĆ
2772,POZNAĆ
2773,POZNAĆ
2774,POZNAĆ
2775,POZNAĆ
2776,POZNAĆ
2777,POZNAĆ
2778,POZNAĆ
2779,POZNAĆ
2780,POZNAĆ
2781,POZNAĆ
2782,POZNAĆ
2783,POZNAĆ
2784,POZNAĆ
2785,POZNAĆ
2786,POZNAĆ
2787,POZNAĆ
2788,POZNAĆ
2789,POZNAĆ
2790,POZNAĆ
2791,POZNAĆ
2792,POZNAĆ
2793,POZNAĆ
2794,POZNAĆ
2795,POZNAĆ
2796,POZNAĆ
2797,POZNAĆ
2798,POZNAĆ
2799,POZNAĆ
2800,POZNAĆ
2801,POZNAĆ
2802,POZNAĆ
2803,POZNAĆ
2804,POZNAĆ
2805,POZNAĆ
2806,POZNAĆ
2807,POZNAĆ
2808,POZNAĆ
2809,POZNAĆ
2810,POZNAĆ
2811,POZNAĆ
2812,POZNAĆ
2813,POZNAĆ
2814,POZNAĆ
2815,POZNAĆ
2816,POZNAĆ
2817,POZNAĆ
2818,POZNAĆ
2819,POZNAĆ
2820,POZNAĆ
2821,POZNAĆ
2822,POZNAĆ
2823,POZNAĆ
2824,POZNAĆ
2825,POZNAĆ
2826,POZNAĆ
2827,POZNAĆ
2828,POZNAĆ
2829,POZNAĆ
2830,POZNAĆ
2831,POZNAĆ
2832,POZNAĆ
2833,POZNAĆ
2834,POZNAĆ
2835,POZNAĆ
2836,POZNAĆ
2837,POZNAĆ
2838,POZNAĆ
2839,POZNAĆ
2840,POZNAĆ
2841,POZNAĆ
2842,POZNAĆ
2843,POZNAĆ
2844,POZNAĆ
2845,POZNAĆ
2846,POZNAĆ
2847,POZNAĆ
2848,PRZEPRASZAĆ
2849,PRZEPRASZAĆ
2850,PRZEPRASZAĆ
2851,PRZEPRASZAĆ
2852,PRZEPRASZAĆ
2853,PRZEPRASZAĆ
2854,PRZEPRASZAĆ
2855,PRZEPRASZAĆ
2856,PRZEPRASZAĆ
2857,PRZEPRASZAĆ
2858,PRZEPRASZAĆ
2859,PRZEPRASZAĆ
2860,PRZEPRASZAĆ
2861,PRZEPRASZAĆ
2862,PRZEPRASZAĆ
2863,PRZEPRASZAĆ
2864,PRZEPRASZAĆ
2865,PRZEPRASZAĆ
2866,PRZEPRASZAĆ
2867,PRZEPRASZAĆ
2868,PRZEPRASZAĆ
2869,PRZEPRASZAĆ
2870,PRZEPRASZAĆ
2871,PRZEPRASZAĆ
2872,PRZEPRASZAĆ
2873,PRZEPRASZAĆ
2874,PRZEPRASZAĆ
2875,PRZEPRASZAĆ
2876,PRZEPRASZAĆ
2877,PRZEPRASZAĆ
2878,PRZEPRASZAĆ
2879,PRZEPRASZAĆ
2880,PRZEPRASZAĆ
2881,PRZEPRASZAĆ
2882,PRZEPRASZAĆ
2883,PRZEPRASZAĆ
2884,PRZEPRASZAĆ
2885,PRZEPRASZAĆ
2886,PRZEPRASZAĆ
2887,PRZEPRASZAĆ
2888,PRZEPRASZAĆ
2889,PRZEPRASZAĆ
2890,PRZEPRASZAĆ
2891,PRZEPRASZAĆ
2892,PRZEPRASZAĆ
2893,PRZEPRASZAĆ
2894,PRZEPRASZAĆ
2895,PRZEPRASZAĆ
2896,PRZEPRASZAĆ
2897,PRZEPRASZAĆ
2898,PRZEPRASZAĆ
2899,PRZEPRASZAĆ
2900,PRZEPRASZAĆ
2901,PRZEPRASZAĆ
2902,PRZEPRASZAĆ
2903,PRZEPRASZAĆ
2904,PRZEPRASZAĆ
2905,PRZEPRASZAĆ
2906,PRZEPRASZAĆ
2907,PRZEPRASZAĆ
2908,PRZEPRASZAĆ
2909,PRZEPRASZAĆ
2910,PRZEPRASZAĆ
2911,PRZEPRASZAĆ
2912,PRZEPRASZAĆ
2913,PRZEPRASZAĆ
2914,PRZEPRASZAĆ
2915,PRZEPRASZAĆ
2916,PRZEPRASZAĆ
2917,PRZEPRASZAĆ
2918,PRZEPRASZAĆ
2919,PRZEPRASZAĆ
2920,PRZEPRASZAĆ
2921,PRZEPRASZAĆ
2922,PRZEPRASZAĆ
2923,PRZEPRASZAĆ
2924,PRZEPRASZAĆ
2925,PRZEPRASZAĆ
2926,PRZEPRASZAĆ
2927,PRZEPRASZAĆ
2928,PRZEPRASZAĆ
2929,PRZEPRASZAĆ
2930,PRZEPRASZAĆ
2931,PRZEPRASZAĆ
2932,PRZEPRASZAĆ
2933,PRZEPRASZAĆ
2934,PRZEPRASZAĆ
2935,PRZEPRASZAĆ
2936,PRZEPRASZAĆ
2937,PRZEPRASZAĆ
2938,PRZEPRASZAĆ
2939,PRZEPRASZAĆ
2940,PRZEPRASZAĆ
2941,PRZEPRASZAĆ
2942,PRZEPRASZAĆ
2943,PRZEPRASZAĆ
2944,PRZEPRASZAĆ
2945,PRZEPRASZAĆ
2946,PRZEPRASZAĆ
2947,PRZEPRASZAĆ
2948,PRZEPRASZAĆ
2949,PRZYJACIEL
2950,PRZYJACIEL
2951,PRZYJACIEL
2952,PRZYJACIEL
2953,PRZYJACIEL
2954,PRZYJACIEL
2955,PRZYJACIEL
2956,PRZYJACIEL
2957,PRZYJACIEL
2958,PRZYJACIEL
2959,PRZYJACIEL
2960,PRZYJACIEL
2961,PRZYJACIEL
2962,PRZYJACIEL
2963,PRZYJACIEL
2964,PRZYJACIEL
2965,PRZYJACIEL
2966,PRZYJACIEL
2967,PRZYJACIEL
2968,PRZYJACIEL
2969,PRZYJACIEL
2970,PRZYJACIEL
2971,PRZYJACIEL
2972,PRZYJACIEL
2973,PRZYJACIEL
2974,PRZYJACIEL
2975,PRZYJACIEL
2976,PRZYJACIEL
2977,PRZYJACIEL
2978,PRZYJACIEL
2979,PRZYJACIEL
2980,PRZYJACIEL
2981,PRZYJACIEL
2982,PRZYJACIEL
2983,PRZYJACIEL
2984,PRZYJACIEL
2985,PRZYJACIEL
2986,PRZYJACIEL
2987,PRZYJACIEL
2988,PRZYJACIEL
2989,PRZYJACIEL
2990,PRZYJACIEL
2991,PRZYJACIEL
2992,PRZYJACIEL
2993,PRZYJACIEL
2994,PRZYJACIEL
2995,PRZYJACIEL
2996,PRZYJACIEL
2997,PRZYJACIEL
2998,PRZYJACIEL
2999,PRZYJACIEL
3000,PRZYJACIEL
3001,PRZYJACIEL
3002,PRZYJACIEL
3003,PRZYJACIEL
3004,PRZYJACIEL
3005,PRZYJACIEL
3006,PRZYJACIEL
3007,PRZYJACIEL
3008,PRZYJACIEL
3009,PRZYJACIEL
3010,PRZYJACIEL
3011,PRZYJACIEL
3012,PRZYJACIEL
3013,PRZYJACIEL
3014,PRZYJACIEL
3015,PRZYJACIEL
3016,PRZYJACIEL
3017,PRZYJACIEL
3018,PRZYJACIEL
3019,PRZYJACIEL
3020,PRZYJACIEL
3021,PRZYJACIEL
3022,PRZYJACIEL
3023,PRZYJACIEL
3024,PRZYJACIEL
3025,PRZYJACIEL
3026,PRZYJACIEL
3027,PRZYJACIEL
3028,PRZYJACIEL
3029,PRZYJACIEL
3030,PRZYJACIEL
3031,PRZYJACIEL
3032,PRZYJACIEL
3033,PRZYJACIEL
3034,PRZYJACIEL
3035,PRZYJACIEL
3036,PRZYJACIEL
3037,PRZYJACIEL
3038,PRZYJACIEL
3039,PRZYJACIEL
3040,PRZYJACIEL
3041,PRZYJACIEL
3042,PRZYJACIEL
3043,PRZYJACIEL
3044,PRZYJACIEL
3045,PRZYJACIEL
3046,PRZYJACIEL
3047,PRZYJACIEL
3048,PRZYJACIEL
3049,PRZYJACIEL
3050,PRZYJACIEL
3051,ROZMAWIAĆ
3052,ROZMAWIAĆ
3053,ROZMAWIAĆ
3054,ROZMAWIAĆ
3055,ROZMAWIAĆ
3056,ROZMAWIAĆ
3057,ROZMAWIAĆ
3058,ROZMAWIAĆ
3059,ROZMAWIAĆ
3060,ROZMAWIAĆ
3061,ROZMAWIAĆ
3062,ROZMAWIAĆ
3063,ROZMAWIAĆ
3064,ROZMAWIAĆ
3065,ROZMAWIAĆ
3066,ROZMAWIAĆ
3067,ROZMAWIAĆ
3068,ROZMAWIAĆ
3069,ROZMAWIAĆ
3070,ROZMAWIAĆ
3071,ROZMAWIAĆ
3072,ROZMAWIAĆ
3073,ROZMAWIAĆ
3074,ROZMAWIAĆ
3075,ROZMAWIAĆ
3076,ROZMAWIAĆ
3077,ROZMAWIAĆ
3078,ROZMAWIAĆ
3079,ROZMAWIAĆ
3080,ROZMAWIAĆ
3081,ROZMAWIAĆ
3082,ROZMAWIAĆ
3083,ROZMAWIAĆ
3084,ROZMAWIAĆ
3085,ROZMAWIAĆ
3086,ROZMAWIAĆ
3087,ROZMAWIAĆ
3088,ROZMAWIAĆ
3089,ROZMAWIAĆ
3090,ROZMAWIAĆ
3091,ROZMAWIAĆ
3092,ROZMAWIAĆ
3093,ROZMAWIAĆ
3094,ROZMAWIAĆ
3095,ROZMAWIAĆ
3096,ROZMAWIAĆ
3097,ROZMAWIAĆ
3098,ROZMAWIAĆ
3099,ROZMAWIAĆ
3100,ROZMAWIAĆ
3101,ROZMAWIAĆ
3102,ROZMAWIAĆ
3103,ROZMAWIAĆ
3104,ROZMAWIAĆ
3105,ROZMAWIAĆ
3106,ROZMAWIAĆ
3107,ROZMAWIAĆ
3108,ROZMAWIAĆ
3109,ROZMAWIAĆ
3110,ROZMAWIAĆ
3111,ROZMAWIAĆ
3112,ROZMAWIAĆ
3113,ROZMAWIAĆ
3114,ROZMAWIAĆ
3115,ROZMAWIAĆ
3116,ROZMAWIAĆ
3117,ROZMAWIAĆ
3118,ROZMAWIAĆ
3119,ROZMAWIAĆ
3120,ROZMAWIAĆ
3121,ROZMAWIAĆ
3122,ROZMAWIAĆ
3123,ROZMAWIAĆ
3124,ROZMAWIAĆ
3125,ROZMAWIAĆ
3126,ROZMAWIAĆ
3127,ROZMAWIAĆ
3128,ROZMAWIAĆ
3129,ROZMAWIAĆ
3130,ROZMAWIAĆ
3131,ROZMAWIAĆ
3132,ROZMAWIAĆ
3133,ROZMAWIAĆ
3134,ROZMAWIAĆ
3135,ROZMAWIAĆ
3136,ROZMAWIAĆ
3137,ROZMAWIAĆ
3138,ROZMAWIAĆ
3139,ROZMAWIAĆ
3140,ROZMAWIAĆ
3141,ROZMAWIAĆ
3142,ROZMAWIAĆ
3143,ROZMAWIAĆ
3144,ROZMAWIAĆ
3145,ROZMAWIAĆ
3146,ROZMAWIAĆ
3147,ROZMAWIAĆ
3148,ROZMAWIAĆ
3149,ROZMAWIAĆ
3150,ROZMAWIAĆ
3151,ROZMAWIAĆ
3152,SZKOŁA
3153,SZKOŁA
3154,SZKOŁA
3155,SZKOŁA
3156,SZKOŁA
3157,SZKOŁA
3158,SZKOŁA
3159,SZKOŁA
3160,SZKOŁA
3161,SZKOŁA
3162,SZKOŁA
3163,SZKOŁA
3164,SZKOŁA
3165,SZKOŁA
3166,SZKOŁA
3167,SZKOŁA
3168,SZKOŁA
3169,SZKOŁA
3170,SZKOŁA
3171,SZKOŁA
3172,SZKOŁA
3173,SZKOŁA
3174,SZKOŁA
3175,SZKOŁA
3176,SZKOŁA
3177,SZKOŁA
3178,SZKOŁA
3179,SZKOŁA
3180,SZKOŁA
3181,SZKOŁA
3182,SZKOŁA
3183,SZKOŁA
3184,SZKOŁA
3185,SZKOŁA
3186,SZKOŁA
3187,SZKOŁA
3188,SZKOŁA
3189,SZKOŁA
3190,SZKOŁA
3191,SZKOŁA
3192,SZKOŁA
3193,SZKOŁA
3194,SZKOŁA
3195,SZKOŁA
3196,SZKOŁA
3197,SZKOŁA
3198,SZKOŁA
3199,SZKOŁA
3200,SZKOŁA
3201,SZKOŁA
3202,SZKOŁA
3203,SZKOŁA
3204,SZKOŁA
3205,SZKOŁA
3206,SZKOŁA
3207,SZKOŁA
3208,SZKOŁA
3209,SZKOŁA
3210,SZKOŁA
3211,SZKOŁA
3212,SZKOŁA
3213,SZKOŁA
3214,SZKOŁA
3215,SZKOŁA
3216,SZKOŁA
3217,SZKOŁA
3218,SZKOŁA
3219,SZKOŁA
3220,SZKOŁA
3221,SZKOŁA
3222,SZKOŁA
3223,SZKOŁA
3224,SZKOŁA
3225,SZKOŁA
3226,SZKOŁA
3227,SZKOŁA
3228,SZKOŁA
3229,SZKOŁA
3230,SZKOŁA
3231,SZKOŁA
3232,SZKOŁA
3233,SZKOŁA
3234,SZKOŁA
3235,SZKOŁA
3236,SZKOŁA
3237,SZKOŁA
3238,SZKOŁA
3239,SZKOŁA
3240,SZKOŁA
3241,SZKOŁA
3242,SZKOŁA
3243,SZKOŁA
3244,SZKOŁA
3245,SZKOŁA
3246,SZKOŁA
3247,SZKOŁA
3248,SZKOŁA
3249,SZKOŁA
3250,SZKOŁA
3251,SZKOŁA
3252,SZKOŁA
3253,SZKOŁA
3254,SŁYSZĄCY
3255,SŁYSZĄCY
3256,SŁYSZĄCY
3257,SŁYSZĄCY
3258,SŁYSZĄCY
3259,SŁYSZĄCY
3260,SŁYSZĄCY
3261,SŁYSZĄCY
3262,SŁYSZĄCY
3263,SŁYSZĄCY
3264,SŁYSZĄCY
3265,SŁYSZĄCY
3266,SŁYSZĄCY
3267,SŁYSZĄCY
3268,SŁYSZĄCY
3269,SŁYSZĄCY
3270,SŁYSZĄCY
3271,SŁYSZĄCY
3272,SŁYSZĄCY
3273,SŁYSZĄCY
3274,SŁYSZĄCY
3275,SŁYSZĄCY
3276,SŁYSZĄCY
3277,SŁYSZĄCY
3278,SŁYSZĄCY
3279,SŁYSZĄCY
3280,SŁYSZĄCY
3281,SŁYSZĄCY
3282,SŁYSZĄCY
3283,SŁYSZĄCY
3284,SŁYSZĄCY
3285,SŁYSZĄCY
3286,SŁYSZĄCY
3287,SŁYSZĄCY
3288,SŁYSZĄCY
3289,SŁYSZĄCY
3290,SŁYSZĄCY
3291,SŁYSZĄCY
3292,SŁYSZĄCY
3293,SŁYSZĄCY
3294,SŁYSZĄCY
3295,SŁYSZĄCY
3296,SŁYSZĄCY
3297,SŁYSZĄCY
3298,SŁYSZĄCY
3299,SŁYSZĄCY
3300,SŁYSZĄCY
3301,SŁYSZĄCY
3302,SŁYSZĄCY
3303,SŁYSZĄCY
3304,SŁYSZĄCY
3305,SŁYSZĄCY
3306,SŁYSZĄCY
3307,SŁYSZĄCY
3308,SŁYSZĄCY
3309,SŁYSZĄCY
3310,SŁYSZĄCY
3311,SŁYSZĄCY
3312,SŁYSZĄCY
3313,SŁYSZĄCY
3314,SŁYSZĄCY
3315,SŁYSZĄCY
3316,SŁYSZĄCY
3317,SŁYSZĄCY
3318,SŁYSZĄCY
3319,SŁYSZĄCY
3320,SŁYSZĄCY
3321,SŁYSZĄCY
3322,SŁYSZĄCY
3323,SŁYSZĄCY
3324,SŁYSZĄCY
3325,SŁYSZĄCY
3326,SŁYSZĄCY
3327,SŁYSZĄCY
3328,SŁYSZĄCY
3329,SŁYSZĄCY
3330,SŁYSZĄCY
3331,SŁYSZĄCY
3332,SŁYSZĄCY
3333,SŁYSZĄCY
3334,SŁYSZĄCY
3335,SŁYSZĄCY
3336,SŁYSZĄCY
3337,SŁYSZĄCY
3338,SŁYSZĄCY
3339,SŁYSZĄCY
3340,SŁYSZĄCY
3341,SŁYSZĄCY
3342,SŁYSZĄCY
3343,SŁYSZĄCY
3344,SŁYSZĄCY
3345,SŁYSZĄCY
3346,SŁYSZĄCY
3347,SŁYSZĄCY
3348,SŁYSZĄCY
3349,SŁYSZĄCY
3350,SŁYSZĄCY
3351,SŁYSZĄCY
3352,SŁYSZĄCY
3353,SŁYSZĄCY
3354,SŁYSZĄCY
3355,SŁYSZĄCY
3356,SŁYSZĄCY
3357,SŁYSZĄCY
3358,TWÓJ_SWÓJ
3359,TWÓJ_SWÓJ
3360,TWÓJ_SWÓJ
3361,TWÓJ_SWÓJ
3362,TWÓJ_SWÓJ
3363,TWÓJ_SWÓJ
3364,TWÓJ_SWÓJ
3365,TWÓJ_SWÓJ
3366,TWÓJ_SWÓJ
3367,TWÓJ_SWÓJ
3368,TWÓJ_SWÓJ
3369,TWÓJ_SWÓJ
3370,TWÓJ_SWÓJ
3371,TWÓJ_SWÓJ
3372,TWÓJ_SWÓJ
3373,TWÓJ_SWÓJ
3374,TWÓJ_SWÓJ
3375,TWÓJ_SWÓJ
3376,TWÓJ_SWÓJ
3377,TWÓJ_SWÓJ
3378,TWÓJ_SWÓJ
3379,TWÓJ_SWÓJ
3380,TWÓJ_SWÓJ
3381,TWÓJ_SWÓJ
3382,TWÓJ_SWÓJ
3383,TWÓJ_SWÓJ
3384,TWÓJ_SWÓJ
3385,TWÓJ_SWÓJ
3386,TWÓJ_SWÓJ
3387,TWÓJ_SWÓJ
3388,TWÓJ_SWÓJ
3389,TWÓJ_SWÓJ
3390,TWÓJ_SWÓJ
3391,TWÓJ_SWÓJ
3392,TWÓJ_SWÓJ
3393,TWÓJ_SWÓJ
3394,TWÓJ_SWÓJ
3395,TWÓJ_SWÓJ
3396,TWÓJ_SWÓJ
3397,TWÓJ_SWÓJ
3398,TWÓJ_SWÓJ
3399,TWÓJ_SWÓJ
3400,TWÓJ_SWÓJ
3401,TWÓJ_SWÓJ
3402,TWÓJ_SWÓJ
3403,TWÓJ_SWÓJ
3404,TWÓJ_SWÓJ
3405,TWÓJ_SWÓJ
3406,TWÓJ_SWÓJ
3407,TWÓJ_SWÓJ
3408,TWÓJ_SWÓJ
3409,TWÓJ_SWÓJ
3410,TWÓJ_SWÓJ
3411,TWÓJ_SWÓJ
3412,TWÓJ_SWÓJ
3413,TWÓJ_SWÓJ
3414,TWÓJ_SWÓJ
3415,TWÓJ_SWÓJ
3416,TWÓJ_SWÓJ
3417,TWÓJ_SWÓJ
3418,TWÓJ_SWÓJ
3419,TWÓJ_SWÓJ
3420,TWÓJ_SWÓJ
3421,TWÓJ_SWÓJ
3422,TWÓJ_SWÓJ
3423,TWÓJ_SWÓJ
3424,TWÓJ_SWÓJ
3425,TWÓJ_SWÓJ
3426,TWÓJ_SWÓJ
3427,TWÓJ_SWÓJ
3428,TWÓJ_SWÓJ
3429,TWÓJ_SWÓJ
3430,TWÓJ_SWÓJ
3431,TWÓJ_SWÓJ
3432,TWÓJ_SWÓJ
3433,TWÓJ_SWÓJ
3434,TWÓJ_SWÓJ
3435,TWÓJ_SWÓJ
3436,TWÓJ_SWÓJ
3437,TWÓJ_SWÓJ
3438,TWÓJ_SWÓJ
3439,TWÓJ_SWÓJ
3440,TWÓJ_SWÓJ
3441,TWÓJ_SWÓJ
3442,TWÓJ_SWÓJ
3443,TWÓJ_SWÓJ
3444,TWÓJ_SWÓJ
3445,TWÓJ_SWÓJ
3446,TWÓJ_SWÓJ
3447,TWÓJ_SWÓJ
3448,TWÓJ_SWÓJ
3449,TWÓJ_SWÓJ
3450,TWÓJ_SWÓJ
3451,TWÓJ_SWÓJ
3452,TWÓJ_SWÓJ
3453,TWÓJ_SWÓJ
3454,TWÓJ_SWÓJ
3455,TWÓJ_SWÓJ
3456,TWÓJ_SWÓJ
3457,TWÓJ_SWÓJ
3458,TWÓJ_SWÓJ
3459,TWÓJ_SWÓJ
3460,TY
3461,TY
3462,TY
3463,TY
3464,TY
3465,TY
3466,TY
3467,TY
3468,TY
3469,TY
3470,TY
3471,TY
3472,TY
3473,TY
3474,TY
3475,TY
3476,TY
3477,TY
3478,TY
3479,TY
3480,TY
3481,TY
3482,TY
3483,TY
3484,TY
3485,TY
3486,TY
3487,TY
3488,TY
3489,TY
3490,TY
3491,TY
3492,TY
3493,TY
3494,TY
3495,TY
3496,TY
3497,TY
3498,TY
3499,TY
3500,TY
3501,TY
3502,TY
3503,TY
3504,TY
3505,TY
3506,TY
3507,TY
3508,TY
3509,TY
3510,TY
3511,TY
3512,TY
3513,TY
3514,TY
3515,TY
3516,TY
3517,TY
3518,TY
3519,TY
3520,TY
3521,TY
3522,TY
3523,TY
3524,TY
3525,TY
3526,TY
3527,TY
3528,TY
3529,TY
3530,TY
3531,TY
3532,TY
3533,TY
3534,TY
3535,TY
3536,TY
3537,TY
3538,TY
3539,TY
3540,TY
3541,TY
3542,TY
3543,TY
3544,TY
3545,TY
3546,TY
3547,TY
3548,TY
3549,TY
3550,TY
3551,TY
3552,TY
3553,TY
3554,TY
3555,TY
3556,TY
3557,TY
3558,TY
3559,TY
3560,TY
3561,TY
3562,TY
3563,WAS
3564,WAS
3565,WAS
3566,WAS
3567,WAS
3568,WAS
3569,WAS
3570,WAS
3571,WAS
3572,WAS
3573,WAS
3574,WAS
3575,WAS
3576,WAS
3577,WAS
3578,WAS
3579,WAS
3580,WAS
3581,WAS
3582,WAS
3583,WAS
3584,WAS
3585,WAS
3586,WAS
3587,WAS
3588,WAS
3589,WAS
3590,WAS
3591,WAS
3592,WAS
3593,WAS
3594,WAS
3595,WAS
3596,WAS
3597,WAS
3598,WAS
3599,WAS
3600,WAS
3601,WAS
3602,WAS
3603,WAS
3604,WAS
3605,WAS
3606,WAS
3607,WAS
3608,WAS
3609,WAS
3610,WAS
3611,WAS
3612,WAS
3613,WAS
3614,WAS
3615,WAS
3616,WAS
3617,WAS
3618,WAS
3619,WAS
3620,WAS
3621,WAS
3622,WAS
3623,WAS
3624,WAS
3625,WAS
3626,WAS
3627,WAS
3628,WAS
3629,WAS
3630,WAS
3631,WAS
3632,WAS
3633,WAS
3634,WAS
3635,WAS
3636,WAS
3637,WAS
3638,WAS
3639,WAS
3640,WAS
3641,WAS
3642,WAS
3643,WAS
3644,WAS
3645,WAS
3646,WAS
3647,WAS
3648,WAS
3649,WAS
3650,WAS
3651,WAS
3652,WAS
3653,WAS
3654,WAS
3655,WAS
3656,WAS
3657,WAS
3658,WAS
3659,WAS
3660,WAS
3661,WAS
3662,WAS
3663,WAS
3664,WAS
3665,ŻONA_MĄŻ
3666,ŻONA_MĄŻ
3667,ŻONA_MĄŻ
3668,ŻONA_MĄŻ
3669,ŻONA_MĄŻ
3670,ŻONA_MĄŻ
3671,ŻONA_MĄŻ
3672,ŻONA_MĄŻ
3673,ŻONA_MĄŻ
3674,ŻONA_MĄŻ
3675,ŻONA_MĄŻ
3676,ŻONA_MĄŻ
3677,ŻONA_MĄŻ
3678,ŻONA_MĄŻ
3679,ŻONA_MĄŻ
3680,ŻONA_MĄŻ
3681,ŻONA_MĄŻ
3682,ŻONA_MĄŻ
3683,ŻONA_MĄŻ
3684,ŻONA_MĄŻ
3685,ŻONA_MĄŻ
3686,ŻONA_MĄŻ
3687,ŻONA_MĄŻ
3688,ŻONA_MĄŻ
3689,ŻONA_MĄŻ
3690,ŻONA_MĄŻ
3691,ŻONA_MĄŻ
3692,ŻONA_MĄŻ
3693,ŻONA_MĄŻ
3694,ŻONA_MĄŻ
3695,ŻONA_MĄŻ
3696,ŻONA_MĄŻ
3697,ŻONA_MĄŻ
3698,ŻONA_MĄŻ
3699,ŻONA_MĄŻ
3700,ŻONA_MĄŻ
3701,ŻONA_MĄŻ
3702,ŻONA_MĄŻ
3703,ŻONA_MĄŻ
3704,ŻONA_MĄŻ
3705,ŻONA_MĄŻ
3706,ŻONA_MĄŻ
3707,ŻONA_MĄŻ
3708,ŻONA_MĄŻ
3709,ŻONA_MĄŻ
3710,ŻONA_MĄŻ
3711,ŻONA_MĄŻ
3712,ŻONA_MĄŻ
3713,ŻONA_MĄŻ
3714,ŻONA_MĄŻ
3715,ŻONA_MĄŻ
3716,ŻONA_MĄŻ
3717,ŻONA_MĄŻ
3718,ŻONA_MĄŻ
3719,ŻONA_MĄŻ
3720,ŻONA_MĄŻ
3721,ŻONA_MĄŻ
3722,ŻONA_MĄŻ
3723,ŻONA_MĄŻ
3724,ŻONA_MĄŻ
3725,ŻONA_MĄŻ
3726,ŻONA_MĄŻ
3727,ŻONA_MĄŻ
3728,ŻONA_MĄŻ
3729,ŻONA_MĄŻ
3730,ŻONA_MĄŻ
3731,ŻONA_MĄŻ
3732,ŻONA_MĄŻ
3733,ŻONA_MĄŻ
3734,ŻONA_MĄŻ
3735,ŻONA_MĄŻ
3736,ŻONA_MĄŻ
3737,ŻONA_MĄŻ
3738,ŻONA_MĄŻ
3739,ŻONA_MĄŻ
3740,ŻONA_MĄŻ
3741,ŻONA_MĄŻ
3742,ŻONA_MĄŻ
3743,ŻONA_MĄŻ
3744,ŻONA_MĄŻ
3745,ŻONA_MĄŻ
3746,ŻONA_MĄŻ
3747,ŻONA_MĄŻ
3748,ŻONA_MĄŻ
3749,ŻONA_MĄŻ
3750,ŻONA_MĄŻ
3751,ŻONA_MĄŻ
3752,ŻONA_MĄŻ
3753,ŻONA_MĄŻ
3754,ŻONA_MĄŻ
3755,ŻONA_MĄŻ
3756,ŻONA_MĄŻ
3757,ŻONA_MĄŻ
3758,ŻONA_MĄŻ
3759,ŻONA_MĄŻ
3760,ŻONA_MĄŻ
3761,ŻONA_MĄŻ
3762,ŻONA_MĄŻ
3763,ŻONA_MĄŻ
3764,ŻONA_MĄŻ
3765,ŻONA_MĄŻ
3766,ŻONA_MĄŻ
